date,open,high,low,close,volume,Name,,
08-02-2019,32.79,32.79,32.49,32.61,1834481,AEE,,
11-02-2019,32.65,32.88,32.65,32.84,1287610,AEE,,
12-02-2019,32.83,33.16,32.7201,33.15,1875404,AEE,,
13-02-2019,33.2,33.39,33.12,33.28,1677370,AEE,,
14-02-2019,33.2,33.24,32.94,33.14,1489040,AEE,,
15-02-2019,33.18,33.25,33.08,33.13,2361329,AEE,,
19-02-2019,33.12,33.54,33.05,33.24,2745027,AEE,,
20-02-2019,33.23,34.04,33.21,33.46,2236183,AEE,,
21-02-2019,33.38,33.46,33.155,33.18,1529190,AEE,,
22-02-2019,33.29,33.67,33.26,33.58,1037085,AEE,,
25-02-2019,33.69,33.92,33.12,33.12,1903974,AEE,,
26-02-2019,33.11,33.57,33.11,33.35,1321925,AEE,,
27-02-2019,33.43,33.57,33.35,33.47,1446469,AEE,,
28-02-2019,33.49,33.97,33.49,33.79,1809643,AEE,,
01-03-2019,33.71,33.97,33.49,33.89,1457844,AEE,,
04-03-2019,33.73,34.18,33.73,34.09,2146326,AEE,,
05-03-2019,34.25,34.405,34.14,34.29,2018978,AEE,,
06-03-2019,34.3,34.43,33.945,34.06,2080329,AEE,,
07-03-2019,34.07,34.24,34.03,34.05,2284599,AEE,,
08-03-2019,34.11,34.15,33.77,33.89,2257265,AEE,,
11-03-2019,33.5,34,33.45,33.93,2328608,AEE,,
12-03-2019,33.91,33.94,33.7,33.82,1971296,AEE,,
13-03-2019,33.82,34.01,33.71,34,1441272,AEE,,
14-03-2019,34.51,34.69,34.105,34.22,3790849,AEE,,
15-03-2019,34.09,34.39,33.95,34.39,2836254,AEE,,
18-03-2019,34.06,34.395,34.05,34.15,1301760,AEE,,
19-03-2019,34.31,34.4,34.06,34.3,1865315,AEE,,
20-03-2019,34.42,34.66,34.35,34.52,1543008,AEE,,
21-03-2019,34.39,34.45,34.12,34.21,2127124,AEE,,
22-03-2019,34.33,34.38,34.18,34.27,1243786,AEE,,
25-03-2019,34.4,34.58,34.14,34.24,1226095,AEE,,
26-03-2019,34.36,34.65,34.35,34.6,1690860,AEE,,
27-03-2019,34.47,34.795,34.37,34.61,1395198,AEE,,
28-03-2019,34.67,35.12,34.65,35.02,2210551,AEE,,
01-04-2019,34.94,35.09,34.86,34.93,1023363,AEE,,
02-04-2019,34.95,35.18,34.95,35.16,1100990,AEE,,
03-04-2019,35.13,35.36,34.68,34.81,2020987,AEE,,
04-04-2019,34.78,34.99,34.71,34.83,1454320,AEE,,
05-04-2019,34.52,34.83,34.35,34.79,2481169,AEE,,
08-04-2019,34.78,35.08,34.62,35.08,1625653,AEE,,
09-04-2019,35.03,35.13,34.84,34.93,1080883,AEE,,
10-04-2019,35,35.1928,34.95,35.15,1104447,AEE,,
11-04-2019,35.21,35.35,35.12,35.34,1282761,AEE,,
12-04-2019,35.31,35.49,35.3,35.49,882020,AEE,,
15-04-2019,35.28,35.38,34.56,34.56,1814296,AEE,,
16-04-2019,34.6,35.185,34.26,35.07,2101161,AEE,,
17-04-2019,34.94,34.98,34.38,34.74,1370527,AEE,,
18-04-2019,34.87,35.09,34.69,35.05,1422496,AEE,,
19-04-2019,35.19,35.85,35.11,35.82,1919705,AEE,,
22-04-2019,35.78,35.78,35.37,35.64,1434306,AEE,,
23-04-2019,35.73,35.91,35.51,35.91,1688216,AEE,,
24-04-2019,35.96,36.32,35.77,36.13,1273397,AEE,,
25-04-2019,36.25,36.35,35.96,36.1,1049619,AEE,,
26-04-2019,36.1,36.29,35.99,36,933890,AEE,,
29-04-2019,36.11,36.36,36.02,36.15,766786,AEE,,
30-04-2019,36.16,36.25,36.015,36.25,1414557,AEE,,
01-05-2019,36.24,36.25,35.72,35.91,1281470,AEE,,
02-05-2019,35.67,36.09,35.47,35.97,2088571,AEE,,
03-05-2019,36.2,36.735,36.02,36.55,1867677,AEE,,
06-05-2019,36.5,36.55,35.96,36.05,1171029,AEE,,
07-05-2019,36.12,36.28,35.86,36.1,2492404,AEE,,
08-05-2019,36.04,36.21,35.71,35.77,1737223,AEE,,
09-05-2019,35.77,35.9,35.3,35.42,2016036,AEE,,
10-05-2019,35.39,35.52,35.03,35.52,964056,AEE,,
13-05-2019,35.51,35.78,35.3,35.64,1756634,AEE,,
14-05-2019,35.73,36.09,35.6,35.87,1989227,AEE,,
15-05-2019,35.85,36.55,35.75,36.21,1568466,AEE,,
16-05-2019,36.08,36.15,35.91,35.92,1165602,AEE,,
17-05-2019,35.95,36.36,35.93,36.28,1549242,AEE,,
20-05-2019,36.28,36.33,36.11,36.19,898254,AEE,,
21-05-2019,36.15,36.4,35.88,36.15,1325096,AEE,,
22-05-2019,36.08,36.48,35.245,35.39,1281221,AEE,,
23-05-2019,35.13,35.18,34.5101,34.91,1995364,AEE,,
24-05-2019,34.75,34.89,34.45,34.53,857862,AEE,,
28-05-2019,34.67,34.93,34.13,34.38,1702560,AEE,,
29-05-2019,34.16,34.2,33.41,33.73,1899223,AEE,,
30-05-2019,33.84,34.57,33.84,34.23,3121260,AEE,,
31-05-2019,34.12,34.53,34.03,34.04,2322472,AEE,,
03-06-2019,34.11,34.135,33.5265,33.88,1911977,AEE,,
04-06-2019,33.86,34.0775,33.68,34.02,2672022,AEE,,
05-06-2019,33.89,34.1575,33.8,34.05,4272186,AEE,,
06-06-2019,34.01,34.295,33.755,34.2,4886394,AEE,,
07-06-2019,34.3,34.985,34.26,34.91,3485004,AEE,,
10-06-2019,34.54,34.62,34.11,34.26,2533214,AEE,,
11-06-2019,34,34.18,33.81,33.83,1386773,AEE,,
12-06-2019,33.96,34.12,33.18,33.18,1480259,AEE,,
13-06-2019,33.15,33.91,33.13,33.89,1284208,AEE,,
14-06-2019,33.67,34.28,33.67,34.1,1296501,AEE,,
17-06-2019,34.28,34.52,34.03,34.19,1517362,AEE,,
18-06-2019,34.26,34.63,34.12,34.56,1700679,AEE,,
19-06-2019,34.54,34.63,33.73,33.73,1204860,AEE,,
20-06-2019,33.45,33.52,32.58,32.68,2032642,AEE,,
21-06-2019,32.88,33.33,32.34,33.17,2146152,AEE,,
24-06-2019,32.87,33.11,32.46,32.79,1609603,AEE,,
25-06-2019,33.04,33.58,32.78,33.41,1498999,AEE,,
26-06-2019,33.63,33.9,33.39,33.84,1173328,AEE,,
27-06-2019,33.95,34.43,33.95,34.38,2294007,AEE,,
28-06-2019,34.23,34.67,34.13,34.44,1876054,AEE,,
01-07-2019,34.44,34.52,33.94,33.95,1653288,AEE,,
02-07-2019,33.88,34.19,33.87,34.07,1622251,AEE,,
03-07-2019,33.94,34.09,33.8201,33.89,607148,AEE,,
05-07-2019,33.94,34.005,33.15,33.66,956868,AEE,,
08-07-2019,33.88,34.4,33.88,34.3,1293401,AEE,,
09-07-2019,34.5,34.64,34.26,34.36,1187512,AEE,,
10-07-2019,34.33,34.91,34.27,34.8,1799422,AEE,,
11-07-2019,35.15,35.31,34.92,35.3,1056482,AEE,,
12-07-2019,35.33,35.54,34.96,35.49,1699048,AEE,,
15-07-2019,35.43,36.06,35.32,36.06,1454793,AEE,,
16-07-2019,36.12,36.17,35.77,35.99,1364754,AEE,,
17-07-2019,36.18,36.19,35.86,35.95,1384246,AEE,,
18-07-2019,36.02,36.325,35.98,36.31,1160128,AEE,,
19-07-2019,36.45,36.45,35.97,36.1,1272277,AEE,,
22-07-2019,36.08,36.25,35.94,35.97,1470653,AEE,,
23-07-2019,36.05,36.11,35.725,35.81,1382745,AEE,,
24-07-2019,35.85,35.9,35.43,35.58,1019672,AEE,,
25-07-2019,35.48,35.74,35.43,35.72,1268740,AEE,,
26-07-2019,35.6,35.97,35.45,35.95,1383417,AEE,,
29-07-2019,35.87,36.27,35.74,36.11,1194662,AEE,,
30-07-2019,36.25,36.47,36.07,36.11,1183984,AEE,,
31-07-2019,36.01,36.14,35.62,35.81,1453898,AEE,,
01-08-2019,35.72,36.35,35.6,36.3,1347727,AEE,,
02-08-2019,36.3,36.695,36.12,36.67,1196020,AEE,,
05-08-2019,36.51,36.61,36.34,36.42,1389779,AEE,,
06-08-2019,36.36,36.45,35.83,35.93,1552268,AEE,,
07-08-2019,35.99,35.99,35.38,35.55,2412461,AEE,,
08-08-2019,35.65,35.9,35.475,35.84,916590,AEE,,
09-08-2019,35.84,35.96,35.37,35.41,1468838,AEE,,
12-08-2019,35.27,35.38,35.14,35.19,1385458,AEE,,
13-08-2019,35.29,35.29,34.94,35.05,990112,AEE,,
14-08-2019,35.01,35.1,34.48,34.67,863654,AEE,,
15-08-2019,34.47,34.52,34.04,34.07,1124629,AEE,,
16-08-2019,34.01,34.1,33.47,33.63,1129236,AEE,,
19-08-2019,33.6,33.78,33.29,33.34,908106,AEE,,
20-08-2019,33.29,33.99,33.29,33.75,1167286,AEE,,
21-08-2019,33.68,34,33.24,33.43,1347859,AEE,,
22-08-2019,33.41,33.67,33.3,33.61,1010229,AEE,,
23-08-2019,33.65,34.0199,33.46,33.86,1132398,AEE,,
26-08-2019,33.82,33.91,33.6,33.63,1243703,AEE,,
27-08-2019,33.38,33.77,33.36,33.53,1136732,AEE,,
28-08-2019,33.53,33.71,33.36,33.56,1246546,AEE,,
29-08-2019,33.46,33.71,33.38,33.61,2510027,AEE,,
30-08-2019,33.74,33.995,33.62,33.81,2953420,AEE,,
03-09-2019,34.05,34.27,33.22,33.23,2710670,AEE,,
04-09-2019,33.24,33.26,32.82,33.03,1518583,AEE,,
05-09-2019,32.97,33.1,32.75,32.84,1067788,AEE,,
06-09-2019,32.97,33.36,32.96,33.15,1785760,AEE,,
09-09-2019,32.86,33.22,32.65,33.08,1537346,AEE,,
10-09-2019,33.19,33.39,32.99,33.27,1059793,AEE,,
11-09-2019,33.2,33.205,32.61,32.92,1519534,AEE,,
12-09-2019,32.96,33.16,32.65,32.74,996307,AEE,,
13-09-2019,32.82,32.96,32.69,32.86,932622,AEE,,
16-09-2019,33.36,33.72,33.16,33.4,2281671,AEE,,
17-09-2019,33.38,33.79,33.38,33.62,1643910,AEE,,
18-09-2019,33.6,35.005,33.5,34.84,2520963,AEE,,
19-09-2019,34.89,35.1351,34.725,34.77,2465741,AEE,,
20-09-2019,34.97,35.43,34.56,34.6,3830416,AEE,,
23-09-2019,34.53,35.185,34.43,35.03,1367889,AEE,,
24-09-2019,35.07,35.58,35.03,35.39,2898777,AEE,,
25-09-2019,35.4,35.97,35.37,35.44,4381307,AEE,,
26-09-2019,35.44,35.59,34.985,35.16,1677290,AEE,,
27-09-2019,35.03,35.29,34.82,35.01,1937399,AEE,,
30-09-2019,34.87,35.13,34.73,34.84,1633926,AEE,,
01-10-2019,34.91,35.0832,34.715,34.87,1225209,AEE,,
02-10-2019,34.75,34.99,34.53,34.94,1629755,AEE,,
03-10-2019,34.8,34.8,34.31,34.53,1413700,AEE,,
04-10-2019,34.53,34.87,34.45,34.54,644472,AEE,,
07-10-2019,34.42,34.59,34.22,34.23,903033,AEE,,
08-10-2019,34.32,34.92,34.182,34.39,1249941,AEE,,
09-10-2019,34.39,34.92,34.39,34.7,1676909,AEE,,
10-10-2019,34.88,35.41,34.53,35.35,1272882,AEE,,
11-10-2019,35.25,35.655,35.1504,35.54,1047214,AEE,,
14-10-2019,35.6,35.6,34.98,35.53,1406966,AEE,,
15-10-2019,35.37,35.42,34.82,35.09,1619487,AEE,,
16-10-2019,35.1,35.29,34.83,35.14,1708698,AEE,,
17-10-2019,35.08,35.905,34.96,35.84,2447827,AEE,,
18-10-2019,35.92,36.07,35.79,35.88,1299789,AEE,,
21-10-2019,35.87,35.95,35.5,35.72,1816582,AEE,,
22-10-2019,35.72,36.1,35.64,35.96,2822162,AEE,,
23-10-2019,35.94,36.53,35.9,36.12,1184277,AEE,,
24-10-2019,36.25,36.25,35.88,36.01,1557235,AEE,,
25-10-2019,36.04,36.52,35.93,36.48,944969,AEE,,
28-10-2019,36.5,36.64,36.3,36.52,1058568,AEE,,
29-10-2019,36.61,36.67,36.3801,36.58,1020065,AEE,,
30-10-2019,36.6,36.78,36.115,36.22,1063057,AEE,,
31-10-2019,36.24,36.28,35.46,36.18,1727175,AEE,,
01-11-2019,36.28,36.48,36.1,36.48,1149552,AEE,,
04-11-2019,36.55,36.63,36.11,36.57,741598,AEE,,
05-11-2019,36.51,36.73,36.18,36.19,973991,AEE,,
06-11-2019,36.25,36.64,36.22,36.63,975205,AEE,,
07-11-2019,36.5,36.85,36.17,36.26,1190800,AEE,,
08-11-2019,36.12,36.44,35.52,36.41,1644639,AEE,,
11-11-2019,36.4,36.46,36.15,36.36,1033982,AEE,,
12-11-2019,36.26,36.32,35.7,35.97,1004684,AEE,,
13-11-2019,35.73,36.18,35.2644,36.18,1246265,AEE,,
14-11-2019,36.3,36.96,36.13,36.67,2148475,AEE,,
15-11-2019,36.56,36.95,36.435,36.95,1253016,AEE,,
18-11-2019,36.95,37.2,36.75,37.03,1309755,AEE,,
19-11-2019,36.94,37.14,36.81,36.97,1371304,AEE,,
20-11-2019,36.92,37.12,36.64,36.67,1519106,AEE,,
21-11-2019,36.68,37.31,36.43,36.74,2145561,AEE,,
22-11-2019,36.7,36.925,36.59,36.67,1858743,AEE,,
25-11-2019,36.79,36.88,36.52,36.59,791208,AEE,,
26-11-2019,36.53,36.64,36.21,36.22,1370824,AEE,,
27-11-2019,36.25,36.36,35.81,35.97,948808,AEE,,
29-11-2019,35.92,36.075,35.78,35.85,766723,AEE,,
02-12-2019,35.93,36.24,35.5601,36.06,1427665,AEE,,
03-12-2019,35.97,36.32,35.87,36.31,1987266,AEE,,
04-12-2019,36.11,36.59,35.97,36.55,1427398,AEE,,
05-12-2019,36.41,36.5,36.02,36.09,1704869,AEE,,
06-12-2019,36.28,36.64,35.91,36.44,1790362,AEE,,
09-12-2019,36.04,36.16,35.65,35.72,1956943,AEE,,
10-12-2019,35.69,35.78,35.2,35.24,2588915,AEE,,
11-12-2019,35.29,35.38,34.78,34.81,1514176,AEE,,
12-12-2019,34.77,35.3363,34.71,35.12,2299661,AEE,,
13-12-2019,35.22,35.24,34.92,35.02,1489418,AEE,,
16-12-2019,35.07,35.43,35.07,35.25,2542834,AEE,,
17-12-2019,35.23,35.455,35.11,35.25,1366783,AEE,,
18-12-2019,35.26,35.96,34.84,35.9,1906011,AEE,,
19-12-2019,35.8,35.85,35.37,35.79,1706133,AEE,,
20-12-2019,35.88,36.43,35.86,36.15,3266876,AEE,,
23-12-2019,36.28,36.44,35.8,35.86,1715556,AEE,,
24-12-2019,35.86,36.137,35.67,36.04,373497,AEE,,
26-12-2019,36.1,36.18,35.8,35.95,767644,AEE,,
27-12-2019,35.94,36.0999,35.76,36,656014,AEE,,
30-12-2019,35.92,36.21,35.89,36.14,872037,AEE,,
31-12-2019,36.25,36.33,36.07,36.16,1051302,AEE,,
02-01-2020,36.05,36.11,35.47,35.53,1394264,AEE,,
03-01-2020,35.63,35.69,35.215,35.4,1206534,AEE,,
06-01-2020,35.7,35.82,35.42,35.76,2837469,AEE,,
07-01-2020,35.81,36.25,35.81,36.22,1653721,AEE,,
08-01-2020,36.14,36.19,35.8,35.94,1618538,AEE,,
09-01-2020,36.02,36.09,35.86,36.04,1226322,AEE,,
10-01-2020,36.17,36.66,35.985,36.52,2106624,AEE,,
13-01-2020,36.44,36.57,36.04,36.23,1363681,AEE,,
14-01-2020,36.25,36.49,36.16,36.31,1419986,AEE,,
15-01-2020,36.31,36.4,35.93,35.95,1351804,AEE,,
16-01-2020,35.95,36.19,35.89,36.17,1056992,AEE,,
17-01-2020,36.2,36.25,36.08,36.15,826211,AEE,,
21-01-2020,36.32,36.655,36.24,36.64,913957,AEE,,
22-01-2020,36.68,36.84,36.455,36.63,1688209,AEE,,
23-01-2020,36.47,36.59,36.23,36.47,1414416,AEE,,
24-01-2020,36.35,36.54,35.91,35.91,1787601,AEE,,
27-01-2020,35.99,36.42,35.88,36.25,2037044,AEE,,
28-01-2020,36.28,36.55,36.2,36.53,1117442,AEE,,
29-01-2020,36.43,36.74,36.33,36.62,1613063,AEE,,
30-01-2020,36.71,37.29,36.64,37.26,1209620,AEE,,
31-01-2020,37.07,37.94,36.85,37.84,2720080,AEE,,
03-02-2020,37.85,38.34,37.59,37.66,3280628,AEE,,
04-02-2020,37.8,37.8,37.1,37.22,3733393,AEE,,
05-02-2020,37.18,37.21,36.74,36.93,2168154,AEE,,
06-02-2020,36.93,37.21,36.78,37.17,1439292,AEE,,
07-02-2020,37.29,37.47,37.17,37.44,1227945,AEE,,
10-02-2020,37.34,37.67,37,37.67,1242770,AEE,,
11-02-2020,37.6,38.19,37.56,38.14,1262525,AEE,,
12-02-2020,38.1,38.25,37.97,38.04,814512,AEE,,
13-02-2020,37.93,38.4,37.851,38.39,1348998,AEE,,
14-02-2020,38.34,38.645,38.25,38.63,824872,AEE,,
18-02-2020,38.74,39.03,38.655,38.89,1224367,AEE,,
19-02-2020,38.78,39,38.16,38.27,2191959,AEE,,
20-02-2020,38.42,38.895,38.265,38.81,2455370,AEE,,
21-02-2020,41,42.24,39.92,40.88,5257661,AEE,,
24-02-2020,40.98,41.56,40.86,40.9,3494293,AEE,,
25-02-2020,40.44,40.88,40.3799,40.49,2362482,AEE,,
26-02-2020,40.59,40.67,40.28,40.44,1246254,AEE,,
27-02-2020,40.41,40.7,40.03,40.15,1298536,AEE,,
28-02-2020,40.23,40.62,40.159,40.41,1146781,AEE,,
03-03-2020,40.33,40.605,40.125,40.36,1695607,AEE,,
04-03-2020,40.7,40.99,40.66,40.9,2014565,AEE,,
05-03-2020,40.84,40.88,40.48,40.59,1322173,AEE,,
06-03-2020,40.64,40.75,40.16,40.3,1072753,AEE,,
07-03-2020,40.29,40.38,39.59,39.89,4070698,AEE,,
10-03-2020,39.46,39.76,39.41,39.65,1649351,AEE,,
11-03-2020,39.66,39.74,39.3,39.65,1317433,AEE,,
12-03-2020,39.64,40.2,39.565,40.19,1371236,AEE,,
13-03-2020,40.22,40.88,40.15,40.84,1988199,AEE,,
14-03-2020,40.82,41.26,40.6825,41.14,1635660,AEE,,
17-03-2020,41.2,41.31,40.88,41.14,1774406,AEE,,
18-03-2020,41.16,41.35,41.0177,41.1,1768074,AEE,,
19-03-2020,41.15,41.28,40.22,40.49,1355996,AEE,,
20-03-2020,39.82,40.19,39.43,40.13,2750655,AEE,,
21-03-2020,40.32,40.77,40.24,40.48,3326640,AEE,,
24-03-2020,40.48,40.74,40.14,40.55,1596315,AEE,,
25-03-2020,40.61,40.69,40.28,40.51,1624715,AEE,,
26-03-2020,40.55,40.84,40.24,40.26,1284042,AEE,,
27-03-2020,40.23,40.54,39.99,40.51,1264313,AEE,,
28-03-2020,40.48,40.83,40.38,40.8,1330678,AEE,,
31-03-2020,41,41.465,40.8201,41.2,1350345,AEE,,
01-04-2020,41.12,41.13,40.505,40.76,1451490,AEE,,
02-04-2020,40.82,40.86,40.44,40.57,1502564,AEE,,
03-04-2020,40.57,40.765,40.34,40.59,1461452,AEE,,
04-04-2020,40.7,40.94,40.33,40.4,2144674,AEE,,
07-04-2020,40.35,40.61,39.74,39.76,3624531,AEE,,
08-04-2020,39.76,40.32,39.41,40.28,4015413,AEE,,
09-04-2020,40.32,40.47,39.56,40.03,3581969,AEE,,
10-04-2020,40.09,40.83,39.92,40.17,3475586,AEE,,
11-04-2020,40.1,40.56,40.08,40.5,2576500,AEE,,
14-04-2020,40.64,41.05,40.47,40.97,2228014,AEE,,
15-04-2020,40.92,41.755,40.92,41.75,2542425,AEE,,
16-04-2020,41.81,41.92,41.5,41.9,1909458,AEE,,
17-04-2020,41.8,41.88,40.97,40.99,2180798,AEE,,
21-04-2020,40.95,41.18,40.43,40.66,2007867,AEE,,
22-04-2020,40.7,40.86,40.45,40.68,1829317,AEE,,
23-04-2020,40.79,41.27,40.7301,41.03,2037021,AEE,,
24-04-2020,41.04,41.4,40.74,41.12,1808887,AEE,,
25-04-2020,41.21,41.56,41.13,41.52,1122413,AEE,,
28-04-2020,41.51,41.716,41.01,41.29,2239257,AEE,,
29-04-2020,41.26,41.75,41.1234,41.27,2014804,AEE,,
30-04-2020,41.11,41.54,41.11,41.31,1824951,AEE,,
01-05-2020,41.42,41.618,40.925,41.29,1413313,AEE,,
02-05-2020,41.07,41.11,40.07,40.2,1528963,AEE,,
05-05-2020,40.18,40.7,40.06,40.62,1099341,AEE,,
06-05-2020,40.61,40.785,40.29,40.33,1225679,AEE,,
07-05-2020,40.24,41.07,40.24,40.98,1634410,AEE,,
08-05-2020,41.17,41.45,40.23,40.3,2858196,AEE,,
09-05-2020,39.91,40.29,39.26,39.31,2914318,AEE,,
12-05-2020,39.35,39.61,38.74,38.75,2827144,AEE,,
13-05-2020,38.96,39.1,38.68,38.81,2362751,AEE,,
14-05-2020,38.91,39.58,38.75,39.27,2120441,AEE,,
15-05-2020,39.24,39.53,39.13,39.37,2514389,AEE,,
16-05-2020,39.4,39.45,38.89,39.22,1986895,AEE,,
19-05-2020,39.15,39.17,38.53,38.54,1578006,AEE,,
20-05-2020,38.62,38.83,38.22,38.43,1626104,AEE,,
21-05-2020,38.43,38.52,37.94,38.05,2251356,AEE,,
22-05-2020,38.17,38.89,38.14,38.73,2200845,AEE,,
23-05-2020,38.82,38.91,38.62,38.64,1194483,AEE,,
27-05-2020,38.85,39.02,38.65,38.91,1917667,AEE,,
28-05-2020,38.93,39.24,38.82,39.18,2005549,AEE,,
29-05-2020,39,39.14,38.71,38.91,2729778,AEE,,
30-05-2020,38.93,39.37,38.88,39.35,1576888,AEE,,
02-06-2020,39.33,39.35,39,39.04,1559560,AEE,,
03-06-2020,38.91,39.32,38.84,39.31,1526806,AEE,,
04-06-2020,39.35,39.35,39.065,39.18,1545802,AEE,,
05-06-2020,39.23,39.63,39.14,39.61,1443876,AEE,,
06-06-2020,39.63,39.83,39.295,39.37,1424140,AEE,,
09-06-2020,38.86,39.31,38.68,39,1550492,AEE,,
10-06-2020,38.95,38.97,38.47,38.5,1335261,AEE,,
11-06-2020,38.55,38.66,38.07,38.1,2116844,AEE,,
12-06-2020,38.2,38.38,37.67,38.27,1133935,AEE,,
13-06-2020,38.25,38.56,38.02,38.4,1251493,AEE,,
16-06-2020,38.38,39.16,38.34,38.81,1655829,AEE,,
17-06-2020,38.63,38.82,38.49,38.67,950995,AEE,,
18-06-2020,38.62,39.68,38.57,39.64,1813513,AEE,,
19-06-2020,39.68,40.16,39.67,40.08,1801174,AEE,,
20-06-2020,40.13,40.2,39.72,39.76,1860070,AEE,,
23-06-2020,39.83,39.97,39.47,39.62,856274,AEE,,
24-06-2020,39.59,39.94,39.48,39.78,1104476,AEE,,
25-06-2020,39.66,40.14,39.66,40.08,1588917,AEE,,
26-06-2020,40.02,40.49,39.85,40.47,1364578,AEE,,
27-06-2020,40.48,40.8,40.28,40.61,1623883,AEE,,
30-06-2020,40.53,40.99,40.46,40.88,1599322,AEE,,
01-07-2020,40.68,40.96,40.5,40.77,1416533,AEE,,
02-07-2020,40.57,40.75,39.72,39.85,1516144,AEE,,
03-07-2020,39.57,39.6,39.06,39.28,870368,AEE,,
07-07-2020,39.28,39.99,39.155,39.62,1446398,AEE,,
08-07-2020,39.56,39.92,39.38,39.81,1225881,AEE,,
09-07-2020,39.87,39.96,39.48,39.75,1298092,AEE,,
10-07-2020,39.74,40.295,39.71,40.2,1083257,AEE,,
11-07-2020,40.18,40.37,39.78,39.89,874084,AEE,,
14-07-2020,39.96,39.96,39.25,39.33,1105992,AEE,,
15-07-2020,39.32,39.71,39.28,39.48,843733,AEE,,
16-07-2020,39.63,39.74,39.26,39.71,1433754,AEE,,
17-07-2020,39.62,39.85,39.5,39.61,1335085,AEE,,
18-07-2020,39.83,40.05,39.71,40.04,1543524,AEE,,
21-07-2020,40.08,40.29,39.82,40.12,1075432,AEE,,
22-07-2020,40.19,40.46,40.05,40.21,1102210,AEE,,
23-07-2020,40.23,40.24,40.06,40.08,742159,AEE,,
24-07-2020,40.14,40.26,39.89,40.12,849719,AEE,,
25-07-2020,39.37,39.86,39.34,39.79,1202542,AEE,,
28-07-2020,39.71,40.5,39.62,40.48,1108419,AEE,,
29-07-2020,40.49,40.57,39.79,39.98,984119,AEE,,
30-07-2020,39.97,39.99,38.66,39,2415762,AEE,,
31-07-2020,38.52,39.12,38.44,38.45,1963070,AEE,,
01-08-2020,38.6,38.63,37.67,38.35,3013571,AEE,,
04-08-2020,38.6,38.63,37.67,38.35,3013571,AEE,,
05-08-2020,38.6,38.6,37.08,37.41,2640510,AEE,,
06-08-2020,37.17,37.182,36.65,36.98,2739980,AEE,,
07-08-2020,37.17,37.575,37.12,37.37,1412796,AEE,,
08-08-2020,37.48,38.14,37.48,38.13,1684545,AEE,,
11-08-2020,38.22,38.39,37.95,38.04,1119138,AEE,,
12-08-2020,37.95,38.32,37.93,38.2,1517545,AEE,,
13-08-2020,38.19,38.54,38.16,38.33,1343469,AEE,,
14-08-2020,38.43,38.68,38.37,38.63,998872,AEE,,
15-08-2020,38.66,39.05,38.5,38.5,3250627,AEE,,
18-08-2020,38.56,39.22,38.51,38.93,2029684,AEE,,
19-08-2020,39.01,39.53,38.99,39.47,1149751,AEE,,
20-08-2020,39.3,39.54,39.24,39.44,1402448,AEE,,
21-08-2020,39.52,39.72,39.42,39.53,1003983,AEE,,
22-08-2020,39.48,39.69,39.22,39.51,1113471,AEE,,
25-08-2020,39.58,39.88,39.55,39.73,1185153,AEE,,
26-08-2020,39.79,39.88,38.95,38.96,1605230,AEE,,
27-08-2020,39.1,39.34,38.98,39.24,1294024,AEE,,
28-08-2020,39.2,39.73,39.11,39.7,966808,AEE,,
29-08-2020,39.7,39.99,39.56,39.99,945093,AEE,,
02-09-2020,39.93,40.08,39.19,39.34,1167520,AEE,,
03-09-2020,39.37,39.86,39.34,39.79,1202542,AEE,,
04-09-2020,39.66,39.86,39.5,39.73,1394308,AEE,,
05-09-2020,39.83,40.31,39.76,40.28,1772527,AEE,,
08-09-2020,39.88,39.955,39.39,39.52,1224420,AEE,,
09-09-2020,39.53,39.53,38.79,38.83,1465702,AEE,,
10-09-2020,38.77,39.04,38.63,38.81,1975541,AEE,,
11-09-2020,38.9,39.22,38.78,39.1,1151626,AEE,,
12-09-2020,38.96,38.96,38.13,38.24,1557988,AEE,,
15-09-2020,38.45,38.73,38.29,38.43,886367,AEE,,
16-09-2020,38.44,38.88,38.35,38.71,809763,AEE,,
17-09-2020,38.79,39.02,38.5,38.7,875734,AEE,,
18-09-2020,38.66,38.84,38.15,38.25,1033418,AEE,,
19-09-2020,38.39,38.76,38.2,38.64,1960284,AEE,,
22-09-2020,38.52,38.63,38.22,38.35,756309,AEE,,
23-09-2020,38.29,38.4,38.11,38.2,848928,AEE,,
24-09-2020,38.37,38.37,38.01,38.18,759202,AEE,,
25-09-2020,38.26,38.42,37.94,37.97,953084,AEE,,
26-09-2020,37.92,38.129,37.525,37.98,731234,AEE,,
29-09-2020,37.89,38.29,37.76,38.24,1115476,AEE,,
30-09-2020,38.41,38.79,38.21,38.33,1248975,AEE,,
01-10-2020,38.32,38.93,38.32,38.48,1000779,AEE,,
02-10-2020,38.38,38.95,38.38,38.46,937261,AEE,,
03-10-2020,38.66,38.96,38.2499,38.89,903098,AEE,,
06-10-2020,38.92,39.23,38.88,39.15,2357123,AEE,,
07-10-2020,39.11,39.67,39.08,39.29,1667448,AEE,,
08-10-2020,39.31,40.17,39.195,40.14,1563411,AEE,,
09-10-2020,40.07,40.39,39.03,39.04,2159547,AEE,,
10-10-2020,39.24,39.8,39.18,39.57,2147977,AEE,,
13-10-2020,39.54,40.615,39.54,40.03,2636499,AEE,,
14-10-2020,40.09,41.28,39.91,40.72,2826454,AEE,,
15-10-2020,40.29,40.66,39.23,40.1,2564636,AEE,,
16-10-2020,39.69,39.8,39.01,39.58,2216476,AEE,,
17-10-2020,39.75,39.8,39.03,39.67,1574061,AEE,,
20-10-2020,39.73,40.49,39.66,40.46,1505851,AEE,,
21-10-2020,40.49,40.66,40.28,40.48,1426192,AEE,,
22-10-2020,40.69,41,40.36,40.7,1123548,AEE,,
23-10-2020,40.95,41.28,40.68,41.01,1424274,AEE,,
24-10-2020,41.11,41.32,40.9,41.24,731000,AEE,,
27-10-2020,41.23,41.3,40.9201,41.23,861923,AEE,,
28-10-2020,41.3,41.67,41.12,41.67,836487,AEE,,
29-10-2020,41.65,41.82,40.9,41.41,1043598,AEE,,
30-10-2020,41.5,42.61,41.35,42.58,1836180,AEE,,
31-10-2020,42.63,42.71,42.15,42.34,1879439,AEE,,
03-11-2020,42.44,43.28,42.3,43.04,1743518,AEE,,
04-11-2020,43.02,43.16,42.26,42.4,1100510,AEE,,
05-11-2020,42.56,43.43,42.46,43.4,2445057,AEE,,
06-11-2020,44.12,44.22,41.89,42.42,2066999,AEE,,
07-11-2020,42.42,43.35,42.32,43.31,1272347,AEE,,
10-11-2020,43.16,43.37,42.91,43.32,1362098,AEE,,
11-11-2020,43.36,43.54,43.08,43.31,933297,AEE,,
12-11-2020,42.95,42.99,42.38,42.72,2007909,AEE,,
13-11-2020,42.67,42.99,42.2601,42.39,1311317,AEE,,
14-11-2020,42.29,42.41,42.07,42.21,1518105,AEE,,
17-11-2020,42.16,43.11,42.16,43.06,1337445,AEE,,
18-11-2020,43.1,43.61,42.89,43.33,1668728,AEE,,
19-11-2020,43.12,43.22,42.765,43.04,1062285,AEE,,
20-11-2020,42.88,42.96,42.52,42.66,1251160,AEE,,
21-11-2020,43.06,43.13,42.42,42.83,1131159,AEE,,
24-11-2020,42.8,42.94,42.41,42.48,1060916,AEE,,
25-11-2020,42.57,42.57,42.0618,42.39,1591692,AEE,,
26-11-2020,42.58,42.71,42.185,42.58,1095265,AEE,,
28-11-2020,42.81,43.43,42.71,43.11,612646,AEE,,
01-12-2020,42.86,43.54,42.58,43.2,1348881,AEE,,
02-12-2020,42.95,43.75,42.78,43.53,1264375,AEE,,
03-12-2020,43.48,43.93,43.35,43.85,1383693,AEE,,
04-12-2020,43.87,43.97,43.32,43.58,1566517,AEE,,
05-12-2020,43.25,43.63,42.82,43.29,1458809,AEE,,
08-12-2020,42.94,43.98,42.85,43.93,1663775,AEE,,
09-12-2020,43.8,44.15,43.45,43.87,1398047,AEE,,
10-12-2020,43.89,44.16,43.01,43.07,2072640,AEE,,
11-12-2020,43.13,43.82,43.08,43.36,1134923,AEE,,
12-12-2020,43.24,43.68,42.9,42.92,1104713,AEE,,
15-12-2020,43.03,43.3,42.28,42.46,1520682,AEE,,
16-12-2020,42.5,43.36,42.15,42.67,1582567,AEE,,
17-12-2020,42.76,44.09,42.76,44.06,2132198,AEE,,
18-12-2020,44.13,45.055,43.94,45.01,1720022,AEE,,
19-12-2020,45.02,45.555,44.92,45.12,2733269,AEE,,
22-12-2020,45.12,45.43,44.96,45.41,1700435,AEE,,
23-12-2020,45.58,45.95,45.29,45.63,1123406,AEE,,
24-12-2020,45.63,46.98,45.63,46.84,1232975,AEE,,
26-12-2020,46.95,47.78,46.95,47.5,1839366,AEE,,
29-12-2020,47.52,48.14,47.52,47.92,2028476,AEE,,
30-12-2020,47.76,47.78,46.92,47.15,1287704,AEE,,
31-12-2020,47.27,47.4,46.08,46.13,1351993,AEE,,
02-01-2021,46.29,46.37,45.49,45.99,2557072,AEE,,
05-01-2021,45.98,46.15,45.3125,45.53,2536262,AEE,,
06-01-2021,45.64,46.32,44.93,45,2944084,AEE,,
07-01-2021,45.24,45.56,44.82,45.35,2893485,AEE,,
08-01-2021,45.74,45.88,45.465,45.51,1664960,AEE,,
09-01-2021,45.53,45.53,44.8,45,1154859,AEE,,
12-01-2021,45.03,45.16,44.636,44.82,983423,AEE,,
13-01-2021,45.13,45.9,44.86,45.21,1872575,AEE,,
14-01-2021,45.08,45.71,44.97,45.63,1325779,AEE,,
15-01-2021,45.74,46.14,45.5,46.05,1348257,AEE,,
16-01-2021,46.04,46.57,45.8,46.54,992580,AEE,,
20-01-2021,46.76,46.81,45.68,46.26,2037385,AEE,,
21-01-2021,46.13,46.53,45.73,46.46,1372521,AEE,,
22-01-2021,46.65,46.8,45.96,46.3,1250124,AEE,,
23-01-2021,46.44,46.7801,46.2937,46.33,1000250,AEE,,
26-01-2021,46.11,46.29,45.72,46.21,1348248,AEE,,
27-01-2021,46.08,46.67,46.02,46.21,1221299,AEE,,
28-01-2021,46.18,46.73,45.485,45.6,1400130,AEE,,
29-01-2021,45.66,46.61,45.52,46.51,1127875,AEE,,
30-01-2021,46.28,46.4,45.22,45.28,1894067,AEE,,
02-02-2021,45.46,45.66,44.76,45.41,1591612,AEE,,
03-02-2021,45.34,45.66,45.2,45.43,2234554,AEE,,
04-02-2021,45.2,45.48,44.46,44.58,1948848,AEE,,
05-02-2021,44.78,45.26,44.58,45.13,1471488,AEE,,
06-02-2021,44.89,44.89,42.67,42.89,1977761,AEE,,
09-02-2021,42.94,43.136,41.76,42.2,3173004,AEE,,
10-02-2021,42.27,43.39,42.19,43.34,2071787,AEE,,
11-02-2021,43.04,43.152,42.44,42.48,1870274,AEE,,
12-02-2021,42.48,42.78,42.08,42.66,2096767,AEE,,
13-02-2021,42.47,42.56,41.2,41.54,2170547,AEE,,
17-02-2021,41.46,42.28,41.14,41.67,2712681,AEE,,
18-02-2021,41.73,42.86,41.56,42.77,1706363,AEE,,
19-02-2021,42.84,43.04,42.27,42.51,1315832,AEE,,
20-02-2021,42.51,43,42.45,42.97,2686385,AEE,,
23-02-2021,42.93,43.19,42.67,43.12,2286543,AEE,,
24-02-2021,42.98,43.51,42.93,42.99,2554574,AEE,,
25-02-2021,43.23,44.23,42.97,43.13,3232835,AEE,,
26-02-2021,43.37,43.5,42.51,42.53,1627249,AEE,,
27-02-2021,42.6,42.61,42.23,42.41,1814256,AEE,,
02-03-2021,42.3,42.41,41.62,42.19,2959605,AEE,,
03-03-2021,42.08,42.29,41.63,42.19,1583943,AEE,,
04-03-2021,41.94,42.05,41.59,41.76,1678363,AEE,,
05-03-2021,41.92,42.39,41.88,42.16,1173706,AEE,,
06-03-2021,41.49,41.56,40.75,40.95,2375544,AEE,,
09-03-2021,40.8,41.25,40.51,41.12,1912686,AEE,,
10-03-2021,40.9,41.69,40.81,41.47,4041248,AEE,,
11-03-2021,41.45,41.56,40.645,40.73,2765259,AEE,,
12-03-2021,40.94,41.96,40.87,41.77,1620034,AEE,,
13-03-2021,41.62,41.655,40.62,41.13,1249091,AEE,,
16-03-2021,41.34,42.15,41.31,41.88,1374101,AEE,,
17-03-2021,41.84,42.34,41.69,41.83,1159469,AEE,,
18-03-2021,41.9,43.115,41.55,42.81,1512774,AEE,,
19-03-2021,42.69,43.09,42.03,42.24,1449421,AEE,,
20-03-2021,42.47,42.84,42.22,42.66,2098805,AEE,,
23-03-2021,42.66,42.9,42.37,42.41,1551690,AEE,,
24-03-2021,42.29,42.66,41.48,41.68,2225185,AEE,,
25-03-2021,41.74,42.07,41.43,41.46,2189227,AEE,,
26-03-2021,41.47,41.72,40.855,40.95,1997691,AEE,,
27-03-2021,41.09,41.53,40.95,41.39,1505996,AEE,,
30-03-2021,41.54,42.33,41.39,42.08,1315294,AEE,,
31-03-2021,42.08,42.7,41.91,42.2,1915070,AEE,,
01-04-2021,42.21,42.41,41.64,42.37,1183995,AEE,,
02-04-2021,42.3,42.57,42.17,42.29,1287517,AEE,,
06-04-2021,42.36,43,42.36,42.44,2038605,AEE,,
07-04-2021,42.43,42.43,41.765,41.8,2090853,AEE,,
08-04-2021,41.82,41.96,41.4,41.72,1913595,AEE,,
09-04-2021,41.62,41.78,41.27,41.65,1528964,AEE,,
10-04-2021,41.88,42.29,41.69,42.12,954157,AEE,,
13-04-2021,42.01,42.19,41.56,41.57,923664,AEE,,
14-04-2021,41.77,42.05,41.63,41.79,911562,AEE,,
15-04-2021,41.9,42.42,41.71,41.75,1434159,AEE,,
16-04-2021,41.62,41.73,41.15,41.32,1673835,AEE,,
17-04-2021,41.18,41.58,40.96,41.13,1198892,AEE,,
20-04-2021,41.25,42.21,41.25,41.65,1104933,AEE,,
21-04-2021,41.67,42.02,41.44,41.55,1495656,AEE,,
22-04-2021,41.68,41.88,41.43,41.68,1717335,AEE,,
23-04-2021,41.71,42.25,41.615,41.91,1181261,AEE,,
24-04-2021,41.89,42.725,41.764,42.32,819518,AEE,,
27-04-2021,42.73,42.84,41.885,41.92,1882438,AEE,,
28-04-2021,41.73,42.4,41.62,42.3,1184784,AEE,,
29-04-2021,41.89,42.21,41.65,41.84,1307784,AEE,,
30-04-2021,41.71,41.82,40.68,40.94,2005353,AEE,,
01-05-2021,41.05,41.31,40.67,41.2,1066281,AEE,,
04-05-2021,41.24,41.925,41.24,41.59,859403,AEE,,
05-05-2021,41.43,41.53,40.56,40.59,1413219,AEE,,
06-05-2021,40.55,40.7896,39.85,40.37,1634037,AEE,,
07-05-2021,40.18,41.05,39.7001,40.4,3482349,AEE,,
08-05-2021,40.87,41.2,40.15,40.39,1967288,AEE,,
11-05-2021,40.29,40.8,40.175,40.3,1811429,AEE,,
12-05-2021,40.03,40.315,39.84,40.26,1562941,AEE,,
13-05-2021,40.41,40.5668,39.66,39.83,1126955,AEE,,
14-05-2021,40.07,40.32,39.93,40.26,1392675,AEE,,
15-05-2021,40.38,40.7379,40.27,40.54,955210,AEE,,
18-05-2021,40.34,40.92,40.34,40.78,1084184,AEE,,
19-05-2021,40.56,40.89,40.44,40.74,1094641,AEE,,
20-05-2021,40.75,41.21,40.66,40.92,1163517,AEE,,
21-05-2021,40.89,40.98,40.535,40.67,1156576,AEE,,
22-05-2021,40.59,40.785,40.27,40.65,744176,AEE,,
26-05-2021,40.67,40.67,40.01,40.32,1104229,AEE,,
27-05-2021,40.36,40.44,40.1,40.39,1091511,AEE,,
28-05-2021,40.4,40.58,40.13,40.44,996125,AEE,,
29-05-2021,40.45,40.58,40.04,40.23,1189392,AEE,,
01-06-2021,40.25,40.49,40.075,40.22,1027303,AEE,,
02-06-2021,40,40.01,39.26,39.62,1481676,AEE,,
03-06-2021,39.51,39.7,38.86,39.31,1605870,AEE,,
04-06-2021,39.13,39.51,39.02,39.09,1146355,AEE,,
05-06-2021,38.74,38.74,38.28,38.37,1390900,AEE,,
08-06-2021,38.02,38.18,37.9,37.93,1106977,AEE,,
09-06-2021,37.89,38.18,37.83,37.87,1342424,AEE,,
10-06-2021,37.98,38.32,37.8,37.81,2190633,AEE,,
11-06-2021,38.05,38.36,37.99,38.3,1215578,AEE,,
12-06-2021,38.05,38.238,37.75,37.77,1020625,AEE,,
15-06-2021,37.75,37.97,37.59,37.73,1210199,AEE,,
16-06-2021,37.61,37.82,37.4,37.81,1262728,AEE,,
17-06-2021,37.81,38.21,37.7,38.09,1068870,AEE,,
18-06-2021,38.18,38.73,38.125,38.54,1155115,AEE,,
19-06-2021,38.54,38.76,38.25,38.26,1249103,AEE,,
22-06-2021,38.12,38.5,38.1,38.31,1123639,AEE,,
23-06-2021,38.2,38.34,37.75,37.76,1107581,AEE,,
24-06-2021,37.78,37.97,37.735,37.78,1865420,AEE,,
25-06-2021,37.97,37.99,37.5,37.51,1398420,AEE,,
26-06-2021,37.46,37.7891,37.26,37.73,991275,AEE,,
29-06-2021,37.72,38.21,37.52,37.54,1599148,AEE,,
30-06-2021,37.84,37.97,37.585,37.68,2036697,AEE,,
01-07-2021,37.75,38.01,37.55,37.98,1356955,AEE,,
02-07-2021,38.31,38.67,38.19,38.5,1341455,AEE,,
06-07-2021,38.41,38.65,38.17,38.56,1173117,AEE,,
07-07-2021,38.77,39.67,38.71,39.6,1903466,AEE,,
08-07-2021,39.4,39.68,39.15,39.28,1128976,AEE,,
09-07-2021,39.34,39.53,38.5,38.68,1186795,AEE,,
10-07-2021,38.67,39.33,38.51,39.02,1208195,AEE,,
13-07-2021,39.15,39.26,38.67,38.91,1111680,AEE,,
14-07-2021,38.94,39.12,38.74,38.86,961101,AEE,,
15-07-2021,38.86,39.01,38.62,38.99,692999,AEE,,
16-07-2021,38.99,39.778,38.99,39.66,1079908,AEE,,
17-07-2021,39.49,39.69,39.28,39.39,1619421,AEE,,
20-07-2021,39.33,39.33,38.81,39.12,980727,AEE,,
21-07-2021,39.05,39.12,38.5,38.7,821060,AEE,,
22-07-2021,38.73,39.04,38.61,38.66,1354719,AEE,,
23-07-2021,38.55,38.59,37.92,38.27,1403650,AEE,,
24-07-2021,38.31,38.61,38.125,38.53,1115037,AEE,,
27-07-2021,38.59,39.17,38.46,39.02,852008,AEE,,
28-07-2021,39.33,39.43,38.98,39.34,1824413,AEE,,
29-07-2021,39.27,39.68,39.01,39.65,1241457,AEE,,
30-07-2021,39.54,39.99,39.35,39.77,1336143,AEE,,
31-07-2021,40.12,41.34,39.78,41.08,2768597,AEE,,
03-08-2021,41.26,41.93,41.23,41.59,2296241,AEE,,
04-08-2021,41.44,41.485,40.93,41.01,1840848,AEE,,
05-08-2021,41.17,41.56,41.02,41.36,1315773,AEE,,
06-08-2021,41.38,41.74,40.99,41.69,1087799,AEE,,
07-08-2021,41.6,42.33,41.35,42.12,978250,AEE,,
10-08-2021,42.13,42.4,41.72,41.82,1323215,AEE,,
11-08-2021,41.81,42.3,41.63,42.1,2162717,AEE,,
12-08-2021,42.21,42.72,41.85,42.65,3666385,AEE,,
13-08-2021,40.99,42.735,40.99,42.62,1688184,AEE,,
14-08-2021,42.52,42.82,42.31,42.74,2406049,AEE,,
17-08-2021,42.78,43.61,42.62,43.4,1778393,AEE,,
18-08-2021,43.24,43.46,43,43.2,1931389,AEE,,
19-08-2021,43.02,43.65,42.78,43.55,1758296,AEE,,
20-08-2021,43.22,43.845,43.19,43.31,1384422,AEE,,
21-08-2021,43.19,43.36,42.505,42.51,2201107,AEE,,
24-08-2021,41.07,41.98,40.48,40.68,3089667,AEE,,
25-08-2021,41.45,41.45,39.75,39.77,2749601,AEE,,
26-08-2021,40.29,40.65,39.66,40.55,2825429,AEE,,
27-08-2021,40.75,41.04,40.26,41.02,2447580,AEE,,
28-08-2021,41.01,41.21,40.51,41.07,1577362,AEE,,
31-08-2021,40.94,41.01,39.89,40.29,2572379,AEE,,
01-09-2021,39.39,39.96,38.89,39.12,2420270,AEE,,
02-09-2021,39.56,39.6,38.64,39.08,1759252,AEE,,
03-09-2021,39.23,39.41,39.035,39.25,1135430,AEE,,
04-09-2021,38.86,38.91,38.35,38.56,1571745,AEE,,
08-09-2021,38.69,39.005,38.475,38.98,1684737,AEE,,
09-09-2021,38.98,39.12,38.385,38.46,1679082,AEE,,
10-09-2021,38.29,38.91,38.15,38.43,1239373,AEE,,
11-09-2021,38.34,38.82,38.26,38.82,1473082,AEE,,
14-09-2021,38.84,39.22,38.79,38.98,1449132,AEE,,
15-09-2021,38.98,39.335,38.7,39.2,1380004,AEE,,
16-09-2021,39.22,39.74,39.11,39.69,1345942,AEE,,
17-09-2021,39.7,41.07,39.62,40.54,2627154,AEE,,
18-09-2021,40.23,40.73,40.1598,40.37,2931922,AEE,,
21-09-2021,40.52,41.06,40.3875,40.82,1704218,AEE,,
22-09-2021,40.52,40.79,40.41,40.5,1595561,AEE,,
23-09-2021,40.5,40.88,40.36,40.8,1122025,AEE,,
24-09-2021,40.7,41.19,40.43,41.05,1688811,AEE,,
25-09-2021,41.17,41.825,40.805,41.37,1716712,AEE,,
28-09-2021,41.39,41.81,41.24,41.54,1741187,AEE,,
29-09-2021,41.55,41.79,41.254,41.69,1360138,AEE,,
30-09-2021,41.9,42.29,41.63,42.27,1522223,AEE,,
01-10-2021,42.31,42.44,41.46,41.78,1971931,AEE,,
02-10-2021,42.2,42.32,41.65,42.32,1043187,AEE,,
05-10-2021,42.45,42.74,42.04,42.62,1146515,AEE,,
06-10-2021,42.54,42.67,42.08,42.31,917546,AEE,,
07-10-2021,42.44,42.51,42.07,42.21,1029438,AEE,,
08-10-2021,42.1,43.21,42.0018,43.12,1970749,AEE,,
09-10-2021,43.13,43.24,42.78,43.12,2145471,AEE,,
12-10-2021,43.2,43.74,43.14,43.72,1436304,AEE,,
13-10-2021,43.61,43.8,43.32,43.65,2277325,AEE,,
14-10-2021,43.72,43.96,43.34,43.39,1509361,AEE,,
15-10-2021,43.6,44.06,43.39,43.94,927611,AEE,,
16-10-2021,44.17,44.44,43.91,44.1,1079426,AEE,,
19-10-2021,43.97,44.3,43.74,44.29,1294614,AEE,,
20-10-2021,44.15,44.515,43.9701,44.32,1052211,AEE,,
21-10-2021,44.45,44.65,44.08,44.15,944143,AEE,,
22-10-2021,44.23,44.61,44.19,44.5,1422403,AEE,,
23-10-2021,44.41,44.56,43.6785,43.99,1303900,AEE,,
26-10-2021,44.06,44.43,43.72,44.41,1542621,AEE,,
27-10-2021,44.27,44.68,44.25,44.49,1327548,AEE,,
28-10-2021,44.44,44.71,43.51,44.03,1519727,AEE,,
29-10-2021,43.82,43.87,42.95,43.41,1850366,AEE,,
30-10-2021,43.58,43.851,43.34,43.68,1428766,AEE,,
02-11-2021,43.7,44.02,43.39,43.92,1430881,AEE,,
03-11-2021,43.76,43.97,43.5465,43.87,1174052,AEE,,
04-11-2021,43.89,44.32,43.89,44.21,1063052,AEE,,
05-11-2021,44.15,44.455,43.94,44.02,1781750,AEE,,
06-11-2021,43.77,44.49,42.18,42.55,2445435,AEE,,
09-11-2021,42.35,43.23,41.88,43.14,2139773,AEE,,
10-11-2021,43.09,43.88,43.09,43.81,1639835,AEE,,
11-11-2021,43.9,44.4,43.88,44.22,1546644,AEE,,
12-11-2021,44.2,44.51,43.41,43.5,2066332,AEE,,
13-11-2021,43.63,44.09,43.01,43.13,2073208,AEE,,
16-11-2021,43.24,43.95,43.02,43.93,3025118,AEE,,
17-11-2021,43.82,44.33,42.74,42.86,3251596,AEE,,
18-11-2021,42.83,43.29,42.37,43.22,2386037,AEE,,
19-11-2021,43.42,43.91,43.37,43.7,2279994,AEE,,
20-11-2021,43.93,44.34,43.875,44.11,2942844,AEE,,
23-11-2021,44.03,44.17,43.26,43.34,1592266,AEE,,
24-11-2021,43.17,43.34,42.75,43.22,1455226,AEE,,
25-11-2021,43.24,43.37,43.05,43.16,1158337,AEE,,
27-11-2021,43.28,43.45,43.11,43.31,657853,AEE,,
30-11-2021,43.45,44.07,43.42,43.76,2954162,AEE,,
01-12-2021,44,44.09,43.45,43.83,1960669,AEE,,
02-12-2021,43.94,43.94,42.77,42.83,1928021,AEE,,
03-12-2021,42.64,42.82,41.98,42.25,3152064,AEE,,
04-12-2021,42.48,43.38,42.44,43.34,2710998,AEE,,
07-12-2021,42.8,43.02,42.5999,42.97,1885106,AEE,,
08-12-2021,42.89,43.07,42.43,42.74,2339144,AEE,,
09-12-2021,42.52,43,42.37,42.58,2099757,AEE,,
10-12-2021,42.58,42.66,41.55,41.71,1968124,AEE,,
11-12-2021,41.52,42.08,41.33,41.72,1658358,AEE,,
14-12-2021,41.7,41.89,41.41,41.8,2144710,AEE,,
15-12-2021,42,42.27,41.81,41.94,1864660,AEE,,
16-12-2021,42.26,43.12,42.04,43,1793991,AEE,,
17-12-2021,43.06,44.06,43,44.03,3129762,AEE,,
18-12-2021,43.79,43.85,43.01,43.2,3492128,AEE,,
21-12-2021,43.28,43.53,42.655,42.86,1474312,AEE,,
22-12-2021,42.98,43.29,42.44,43.2,1520801,AEE,,
23-12-2021,43.36,43.95,43.34,43.85,1120157,AEE,,
24-12-2021,43.76,43.8107,43.59,43.68,345780,AEE,,
28-12-2021,43.61,44.05,43.57,44.04,891019,AEE,,
29-12-2021,44.15,44.44,44.02,44.12,1071165,AEE,,
30-12-2021,44.18,44.37,43.92,44,994282,AEE,,
31-12-2021,43.95,44,42.92,43.23,2080411,AEE,,
04-01-2022,43.13,43.22,42.58,43.03,2664386,AEE,,
05-01-2022,43.02,43.59,42.35,43.54,2295771,AEE,,
06-01-2022,43.24,43.93,43.15,43.82,1974493,AEE,,
07-01-2022,43.47,44.075,43.4,43.85,3190229,AEE,,
08-01-2022,43.88,44.05,43.43,43.51,2139259,AEE,,
11-01-2022,43.54,43.85,43.41,43.52,2238007,AEE,,
12-01-2022,43.64,43.64,42.98,43.38,1797115,AEE,,
13-01-2022,43.54,43.745,43.05,43.14,2263296,AEE,,
14-01-2022,43.06,43.97,42.86,43.71,1493928,AEE,,
15-01-2022,43.12,43.695,42.91,43.51,2010061,AEE,,
19-01-2022,44,44,43.14,43.45,4015774,AEE,,
20-01-2022,43.39,43.5,41.5,42.33,3700042,AEE,,
21-01-2022,42.33,42.515,41.76,42.13,2107481,AEE,,
22-01-2022,42.35,43.015,42.1,42.95,1872170,AEE,,
25-01-2022,43.06,43.09,42.5375,42.67,1783624,AEE,,
26-01-2022,42.76,43.42,42.55,42.76,1621663,AEE,,
27-01-2022,42.78,43.456,42.54,43.2,1851402,AEE,,
28-01-2022,43.14,44.1,42.75,43.85,1537346,AEE,,
29-01-2022,44.3,44.97,44.08,44.92,2402573,AEE,,
01-02-2022,44.73,45.81,44.69,45.66,1843338,AEE,,
02-02-2022,45.53,46.5,45.33,46.38,2622125,AEE,,
03-02-2022,46.77,47.9,46.73,47.33,4515605,AEE,,
04-02-2022,47.16,47.39,46.26,46.53,3032003,AEE,,
05-02-2022,46.18,46.74,45.54,46.49,2971739,AEE,,
08-02-2022,46.62,46.94,45.55,46.17,2379542,AEE,,
09-02-2022,45.93,46.5,45.84,46.08,2285394,AEE,,
10-02-2022,46.03,46.471,45.34,46.2,2546988,AEE,,
11-02-2022,46.16,46.43,45.335,45.37,1552864,AEE,,
12-02-2022,45.31,45.71,44.84,45.25,1134159,AEE,,
16-02-2022,45.32,45.62,44.91,45.58,2170400,AEE,,
17-02-2022,45.55,45.57,45.19,45.31,1640013,AEE,,
18-02-2022,45.25,46.59,45.16,46.28,3893873,AEE,,
19-02-2022,45.81,46.69,45.1,45.6,4164014,AEE,,
22-02-2022,45.56,46.36,45.46,46.23,2395708,AEE,,
23-02-2022,45.94,46.63,45.76,46.52,1557604,AEE,,
24-02-2022,46.53,47.56,46.32,47.48,2840370,AEE,,
25-02-2022,47.66,48.22,47.53,48.13,2108661,AEE,,
26-02-2022,47.84,47.9,46.47,46.49,2665813,AEE,,
29-02-2022,46.4,47.44,46.31,46.95,2610479,AEE,,
01-03-2022,47.19,47.54,46.53,46.93,1916170,AEE,,
02-03-2022,46.63,46.98,45.56,46.96,2047560,AEE,,
03-03-2022,46.98,47,46.23,47,1490604,AEE,,
04-03-2022,46.78,47.5989,46.52,47.35,1856426,AEE,,
07-03-2022,46.83,47.44,46.7,47.13,1460979,AEE,,
08-03-2022,47.15,47.89,46.94,47.85,1732592,AEE,,
09-03-2022,47.8,48.405,47.77,48.27,1324229,AEE,,
10-03-2022,48.2,48.35,47.39,47.94,2980373,AEE,,
11-03-2022,47.97,48.5,47.87,48.22,1668170,AEE,,
14-03-2022,48.01,48.41,47.89,48.32,1374787,AEE,,
15-03-2022,48.19,48.53,47.96,48.18,1667289,AEE,,
16-03-2022,48.06,48.58,47.5402,48.43,1748682,AEE,,
17-03-2022,48.32,49.025,48.23,48.9,1573153,AEE,,
18-03-2022,49.03,49.42,48.42,48.98,2910755,AEE,,
21-03-2022,48.89,49.085,48.16,48.78,1287797,AEE,,
22-03-2022,48.85,49.13,48.52,48.87,1717158,AEE,,
23-03-2022,48.77,49.17,48.5101,48.99,1514286,AEE,,
24-03-2022,48.82,49.275,48.715,49.25,1179947,AEE,,
28-03-2022,49.49,49.66,48.92,49.2,835393,AEE,,
29-03-2022,49.2,49.9,49.15,49.89,1358165,AEE,,
30-03-2022,49.9,49.9,49.39,49.75,1622022,AEE,,
31-03-2022,49.72,50.16,49.35,50.1,2533421,AEE,,
01-04-2022,50.1,50.58,49.75,50.54,1415938,AEE,,
04-04-2022,50.57,51.06,50.37,50.83,2644986,AEE,,
05-04-2022,50.74,50.79,49.48,49.52,2311261,AEE,,
06-04-2022,49.46,49.58,49.11,49.55,1312453,AEE,,
07-04-2022,49.28,49.75,49.009,49.16,1991649,AEE,,
08-04-2022,49.4,51,48.7,48.78,4971348,AEE,,
11-04-2022,48.86,49.13,48.54,48.68,2265950,AEE,,
12-04-2022,48.78,48.86,48.42,48.71,1793672,AEE,,
13-04-2022,48.8,48.8,48.125,48.3,1453056,AEE,,
14-04-2022,48.19,48.51,48.06,48.35,975982,AEE,,
15-04-2022,48.52,48.83,48.26,48.73,1056503,AEE,,
18-04-2022,48.74,49.12,48.51,49.08,1267125,AEE,,
19-04-2022,49.1,49.27,48.78,49.12,1215191,AEE,,
20-04-2022,49.03,49.19,47.54,47.59,1437516,AEE,,
21-04-2022,47.48,47.56,46.29,46.47,1422987,AEE,,
22-04-2022,46.62,46.96,46.39,46.55,1493124,AEE,,
25-04-2022,46.48,46.97,46.4,46.97,2199853,AEE,,
26-04-2022,47.03,47.19,46.63,46.81,1741293,AEE,,
27-04-2022,46.96,47.48,46.57,47.26,1860336,AEE,,
28-04-2022,46.82,47.72,46.55,47.69,1530131,AEE,,
29-04-2022,47.45,48.06,47.08,48,2112689,AEE,,
02-05-2022,48.05,48.55,47.7975,48.14,1896176,AEE,,
03-05-2022,48.19,48.75,48.19,48.55,1589836,AEE,,
04-05-2022,48.47,49.22,48.24,48.73,2498610,AEE,,
05-05-2022,48.64,49.27,48.43,48.88,1680625,AEE,,
06-05-2022,48.83,48.83,47.82,48.19,1599108,AEE,,
09-05-2022,48.28,48.55,48.05,48.43,1443020,AEE,,
10-05-2022,48.52,48.86,48.4,48.66,1368489,AEE,,
11-05-2022,48.63,49,47.94,48.15,3296303,AEE,,
12-05-2022,48.11,48.77,47.35,48.12,3854489,AEE,,
13-05-2022,48.12,48.33,47.58,48.07,1579352,AEE,,
16-05-2022,47.94,48.17,47.615,47.9,1578031,AEE,,
17-05-2022,47.8,47.955,47,47.32,2806280,AEE,,
18-05-2022,47.1,47.7,46.59,46.82,3266251,AEE,,
19-05-2022,46.67,47.37,46.3,47.35,2160486,AEE,,
20-05-2022,47.49,47.61,46.85,47.24,2855698,AEE,,
23-05-2022,47.29,47.3597,46.65,46.69,1428132,AEE,,
24-05-2022,46.74,47.3099,46.72,47.24,872019,AEE,,
25-05-2022,47.07,47.32,46.86,47.11,1151183,AEE,,
26-05-2022,47.09,48.14,47.09,47.83,1727970,AEE,,
27-05-2022,47.78,48.125,47.62,48.11,1251862,AEE,,
31-05-2022,48.2,49.74,47.97,49.55,7029263,AEE,,
01-06-2022,49.4,49.62,49.165,49.43,2918124,AEE,,
02-06-2022,49.26,49.39,48.69,49.1,2410299,AEE,,
03-06-2022,49.58,50.25,49.5,50,1938696,AEE,,
06-06-2022,49.47,49.78,49.27,49.54,1930104,AEE,,
07-06-2022,49.46,49.92,49.35,49.48,1772687,AEE,,
08-06-2022,49.49,49.7,49.29,49.68,809036,AEE,,
09-06-2022,49.7,50.94,49.7,50.89,1961115,AEE,,
10-06-2022,50.74,51.02,50.54,50.96,1709218,AEE,,
13-06-2022,50.96,51.13,50.72,50.76,1340007,AEE,,
14-06-2022,50.55,51.395,50.45,51.31,2194859,AEE,,
15-06-2022,51.36,51.36,50.62,50.91,1418582,AEE,,
16-06-2022,50.92,51.36,50.87,51.2,1115238,AEE,,
17-06-2022,51.02,51.31,50.67,51.27,1587196,AEE,,
20-06-2022,51.4,51.56,50.795,51.35,1836151,AEE,,
21-06-2022,51.26,51.6,50.9912,51.37,1004389,AEE,,
22-06-2022,51.43,51.48,51.1301,51.26,1053221,AEE,,
23-06-2022,51.26,51.5,51.05,51.5,1035578,AEE,,
24-06-2022,51.74,52.31,50.85,51.79,2136436,AEE,,
27-06-2022,51.73,52.61,51.5,52.31,1956856,AEE,,
28-06-2022,52.59,52.59,51.81,52.28,1874959,AEE,,
29-06-2022,52.27,52.6925,52.12,52.5,1767893,AEE,,
30-06-2022,52.64,53.59,52.47,53.58,2390710,AEE,,
01-07-2022,53.77,53.93,53.16,53.75,1518318,AEE,,
05-07-2022,53.75,54.08,53.6,53.76,3291186,AEE,,
06-07-2022,53.76,53.91,53.09,53.77,2390564,AEE,,
07-07-2022,53.63,53.63,52.47,52.65,2643255,AEE,,
08-07-2022,52.42,53.18,51.98,53.15,1782731,AEE,,
11-07-2022,52.93,53.09,52.38,52.94,1680086,AEE,,
12-07-2022,52.51,52.85,52.31,52.46,1874294,AEE,,
13-07-2022,52.73,52.91,52.52,52.88,1160832,AEE,,
14-07-2022,52.56,52.7,50.65,52.24,1264013,AEE,,
15-07-2022,52.34,52.61,52.28,52.51,1202754,AEE,,
18-07-2022,52.52,52.73,52.45,52.51,998127,AEE,,
19-07-2022,52.67,52.7,52.13,52.34,1014990,AEE,,
20-07-2022,52.34,52.37,51.995,52.21,827431,AEE,,
21-07-2022,52.04,52.28,51.675,52.24,2186608,AEE,,
22-07-2022,52.24,52.97,52.24,52.87,1712047,AEE,,
25-07-2022,52.83,52.94,52.42,52.7,773849,AEE,,
26-07-2022,52.85,52.85,51.95,52.22,1196596,AEE,,
27-07-2022,52.06,52.25,51.26,51.77,1536942,AEE,,
28-07-2022,51.78,52.21,51.63,52.15,924129,AEE,,
29-07-2022,52.17,52.66,52.08,52.44,1206794,AEE,,
01-08-2022,52.43,52.585,52.24,52.52,1495632,AEE,,
02-08-2022,51.97,52.42,51.89,52.17,1020280,AEE,,
03-08-2022,52.08,52.13,51.37,51.65,1771532,AEE,,
04-08-2022,51.71,52.19,51.62,51.84,1474181,AEE,,
05-08-2022,51.98,52.25,50.87,51,2196696,AEE,,
08-08-2022,51.1,51.51,50.865,50.94,1279681,AEE,,
09-08-2022,50.86,51.24,50.72,50.94,912554,AEE,,
10-08-2022,51.06,51.22,50.865,51.02,975136,AEE,,
11-08-2022,51.02,51.16,50.71,51.02,875171,AEE,,
12-08-2022,51.23,51.49,51.03,51.05,1160313,AEE,,
15-08-2022,51,51.21,50.38,50.41,977489,AEE,,
16-08-2022,50.27,50.31,49.8,49.82,1726549,AEE,,
17-08-2022,49.74,50.84,49.34,50.71,2004844,AEE,,
18-08-2022,50.71,51.35,50.66,51.35,1477521,AEE,,
19-08-2022,51.24,51.26,50.26,50.57,1371525,AEE,,
22-08-2022,50.7,50.9,50.58,50.65,1284011,AEE,,
23-08-2022,50.74,51.08,50.42,50.42,820923,AEE,,
24-08-2022,50.29,50.49,49.945,50.32,1551142,AEE,,
25-08-2022,50.38,50.58,50.31,50.44,931607,AEE,,
26-08-2022,50.49,50.745,49.36,49.4,1397774,AEE,,
29-08-2022,49.51,49.92,49.51,49.77,1472997,AEE,,
30-08-2022,49.75,50.04,49.25,49.3,974758,AEE,,
31-08-2022,49.33,49.52,49.15,49.42,1449413,AEE,,
01-09-2022,49.4,49.5,49.08,49.15,1293649,AEE,,
02-09-2022,49.15,49.67,49.02,49.66,1898615,AEE,,
06-09-2022,49.52,49.97,49.28,49.84,1282443,AEE,,
07-09-2022,49.79,50.06,49.58,50.02,1074063,AEE,,
08-09-2022,49.9,50.24,49.62,49.85,1469598,AEE,,
09-09-2022,49.44,49.51,48.03,48.06,1926285,AEE,,
12-09-2022,48.08,48.93,48,48.86,1814883,AEE,,
13-09-2022,48.73,48.76,47.79,48.1,1773932,AEE,,
14-09-2022,48.23,48.73,48.08,48.49,1295736,AEE,,
15-09-2022,48.39,48.8,48.22,48.65,1528511,AEE,,
16-09-2022,48.54,49.45,48.24,49.38,2038359,AEE,,
19-09-2022,49.49,50.05,49.36,50.04,1842224,AEE,,
20-09-2022,50.22,50.68,50.09,50.1,1394339,AEE,,
21-09-2022,50.05,51.195,50.02,51.14,1602578,AEE,,
22-09-2022,51.34,51.47,50.86,51.41,1273725,AEE,,
23-09-2022,51.22,51.86,50.99,51.7,1576289,AEE,,
26-09-2022,51.69,51.76,51.29,51.48,1164217,AEE,,
27-09-2022,51.76,51.91,50.47,50.56,1541745,AEE,,
28-09-2022,50.73,50.81,49.775,50.36,2037789,AEE,,
29-09-2022,50.11,50.21,49.29,49.6,1491830,AEE,,
30-09-2022,49.73,49.95,48.9,49.18,2012830,AEE,,
03-10-2022,48.97,49.08,48.18,48.63,1567546,AEE,,
04-10-2022,48.51,48.52,47.03,47.38,3360870,AEE,,
05-10-2022,47.51,47.95,47.28,47.71,4074587,AEE,,
06-10-2022,47.47,47.83,47.21,47.59,1230317,AEE,,
07-10-2022,47.98,48.33,47.37,47.43,1472373,AEE,,
10-10-2022,47.5,47.79,47.41,47.7,1352288,AEE,,
11-10-2022,47.5,47.69,46.855,46.88,1444220,AEE,,
12-10-2022,46.96,47.7134,46.84,47.59,2038535,AEE,,
13-10-2022,47.64,48.42,47.54,48.04,1801210,AEE,,
14-10-2022,47.82,48.3,47.67,48.03,1658210,AEE,,
17-10-2022,48.23,48.39,47.88,48.18,1030255,AEE,,
18-10-2022,48.45,48.95,47.96,48.91,1076056,AEE,,
19-10-2022,48.79,48.89,48.49,48.7,1221868,AEE,,
20-10-2022,48.7,48.99,48.5,48.62,757993,AEE,,
21-10-2022,48.36,48.63,48.16,48.47,1069092,AEE,,
24-10-2022,48.72,48.93,48.325,48.65,997402,AEE,,
25-10-2022,48.48,49.04,48.41,49.03,1285633,AEE,,
26-10-2022,49,49.22,48.64,49.1,696226,AEE,,
27-10-2022,48.89,49.09,48.45,48.74,1114965,AEE,,
28-10-2022,48.82,49.24,48.7,48.87,1939245,AEE,,
31-10-2022,49.15,50.25,48.97,49.95,1469645,AEE,,
01-11-2022,49.96,49.96,49.12,49.17,1382022,AEE,,
02-11-2022,49.1,49.1,48.24,48.65,1293498,AEE,,
03-11-2022,48.54,49.245,48.36,49.07,1528617,AEE,,
04-11-2022,49.95,50.27,49.27,49.36,1732992,AEE,,
07-11-2022,49.75,50.825,49.38,50.81,1779772,AEE,,
08-11-2022,50.93,51.455,50.76,51.21,1400441,AEE,,
09-11-2022,49.8,49.99,48.97,49.05,1905443,AEE,,
10-11-2022,48.71,48.71,47.28,47.8,2323663,AEE,,
11-11-2022,47.8,48.45,47.61,47.77,2161783,AEE,,
14-11-2022,47.49,48.67,46.97,48.62,3519161,AEE,,
15-11-2022,48.88,49.47,48.65,49.27,2124654,AEE,,
16-11-2022,49.36,49.52,48.19,48.47,1642484,AEE,,
17-11-2022,48.36,48.81,48.29,48.51,1439604,AEE,,
18-11-2022,48.43,48.82,48.28,48.48,1224410,AEE,,
21-11-2022,48.53,49.12,48.47,48.84,866977,AEE,,
22-11-2022,48.92,49.53,48.77,49.43,1542439,AEE,,
23-11-2022,48.85,49.44,48.83,49.07,1348265,AEE,,
25-11-2022,49.22,50.09,49.14,49.99,616565,AEE,,
28-11-2022,50.15,51.21,50.13,51.08,1825358,AEE,,
29-11-2022,50.81,51.3682,50.68,50.93,1500431,AEE,,
30-11-2022,49.47,50.335,49.12,49.12,1962897,AEE,,
01-12-2022,48.85,49,48.32,48.91,1464620,AEE,,
02-12-2022,49.22,49.99,49.22,49.66,1749898,AEE,,
05-12-2022,49.09,49.18,48.41,49.16,1324930,AEE,,
06-12-2022,49.32,49.57,49.12,49.34,1624988,AEE,,
07-12-2022,49.58,50.19,49.42,49.88,2040892,AEE,,
08-12-2022,49.39,49.97,48.8,49.82,1261779,AEE,,
09-12-2022,49.82,50.73,49.75,50.73,2790919,AEE,,
12-12-2022,50.57,51.4,50.35,51.34,1823796,AEE,,
13-12-2022,51.37,51.935,51.16,51.92,1550629,AEE,,
14-12-2022,52.03,52.36,50.64,50.7,1348964,AEE,,
15-12-2022,50.58,51.23,50.36,51.1,1059519,AEE,,
16-12-2022,51.13,51.85,51.13,51.6,1852368,AEE,,
19-12-2022,51.94,52.17,51.46,51.89,958625,AEE,,
20-12-2022,51.92,52.35,51.72,52.19,918295,AEE,,
21-12-2022,52.17,52.53,51.93,51.95,832770,AEE,,
22-12-2022,51.97,52.445,51.67,52.41,965041,AEE,,
23-12-2022,52.5,52.64,52.25,52.45,597626,AEE,,
27-12-2022,52.43,52.76,52.23,52.56,632921,AEE,,
28-12-2022,52.58,52.58,51.74,51.82,615131,AEE,,
29-12-2022,52.27,52.7,51.96,52.56,922797,AEE,,
30-12-2022,52.49,52.88,52.25,52.46,951094,AEE,,
03-01-2023,52.59,52.59,51.9331,52.38,1107195,AEE,,
04-01-2023,52.45,52.92,52.23,52.44,1114317,AEE,,
05-01-2023,52.45,52.76,51.91,52.7,2256159,AEE,,
06-01-2023,52.47,53.395,52.41,53.1,1883810,AEE,,
09-01-2023,53.13,53.216,51.9,51.99,1588253,AEE,,
10-01-2023,52.05,52.45,51.66,51.97,1287084,AEE,,
11-01-2023,51.9,52.44,51.89,52.2,1674843,AEE,,
12-01-2023,52.19,52.39,51.81,51.96,1470192,AEE,,
13-01-2023,51.9,52.09,51.6981,51.97,905552,AEE,,
17-01-2023,52.06,52.6,52.01,52.55,1052397,AEE,,
18-01-2023,52.39,52.66,52.24,52.36,880617,AEE,,
19-01-2023,52.17,52.32,51.645,51.81,915698,AEE,,
20-01-2023,51.91,52.4,51.78,52.05,806087,AEE,,
23-01-2023,52.16,52.4,51.93,51.98,665361,AEE,,
24-01-2023,51.91,52.24,51.79,52.06,1129856,AEE,,
25-01-2023,51.84,52.07,51.61,51.9,974398,AEE,,
26-01-2023,51.92,52.28,51.72,52.08,1062041,AEE,,
27-01-2023,52.24,52.3,51.67,51.82,649614,AEE,,
30-01-2023,52.01,52.01,51.3506,51.69,592904,AEE,,
31-01-2023,51.72,52.66,51.64,52.65,1460136,AEE,,
01-02-2023,52.24,52.6395,51.6102,51.75,1076857,AEE,,
02-02-2023,51.86,52.62,51.69,52.59,1032904,AEE,,
03-02-2023,52.78,52.97,52.54,52.69,623311,AEE,,
06-02-2023,52.87,52.98,52.53,52.65,874719,AEE,,
07-02-2023,52.74,52.88,52.56,52.68,544302,AEE,,
08-02-2023,52.81,53.24,52.77,53.12,943315,AEE,,
09-02-2023,53.06,53.32,52.47,52.9,1261543,AEE,,
10-02-2023,52.72,53.05,52.58,52.93,1060496,AEE,,
13-02-2023,52.93,53.205,52.64,53.05,1404399,AEE,,
14-02-2023,52.91,52.91,52.26,52.65,1416785,AEE,,
15-02-2023,52.14,52.59,51.81,52.54,2209474,AEE,,
16-02-2023,52.01,53.08,52,52.94,2248203,AEE,,
17-02-2023,53.1,53.48,52.9,53.37,1846764,AEE,,
21-02-2023,53.22,53.97,53.1,53.89,1461777,AEE,,
22-02-2023,53.83,54.095,53.5,53.97,1145800,AEE,,
23-02-2023,54.23,54.27,53.69,54.07,1456081,AEE,,
24-02-2023,54.14,54.6,54.03,54.58,2108751,AEE,,
27-02-2023,54.55,54.59,53.88,54.29,1616072,AEE,,
28-02-2023,54.16,54.83,54.1,54.69,2668562,AEE,,
01-03-2023,54.03,55.065,53.87,54.76,1674859,AEE,,
02-03-2023,54.53,55.51,54.4,55.12,906359,AEE,,
03-03-2023,55.13,55.22,54.43,54.89,923271,AEE,,
06-03-2023,54.85,55.16,54.66,54.89,1138770,AEE,,
07-03-2023,54.86,54.97,54.71,54.82,1005186,AEE,,
08-03-2023,54.28,54.49,53.97,54.12,1062166,AEE,,
09-03-2023,54.26,54.53,54.11,54.12,1287968,AEE,,
10-03-2023,53.98,54.22,53.48,53.89,1891121,AEE,,
13-03-2023,53.84,54.25,53.76,54.19,1718233,AEE,,
14-03-2023,54.17,54.3,53.9,54.02,1685401,AEE,,
15-03-2023,54.23,55.02,54.135,54.79,1407762,AEE,,
16-03-2023,54.47,54.62,54.12,54.35,1388296,AEE,,
17-03-2023,54.43,55.28,54.38,55.05,2346124,AEE,,
20-03-2023,55.06,55.23,54.52,54.69,1380037,AEE,,
21-03-2023,54.61,55.61,54.61,55.49,1377137,AEE,,
22-03-2023,55.74,56.2,55.55,56.04,1776598,AEE,,
23-03-2023,55.86,56.5,55.81,56.05,1924433,AEE,,
24-03-2023,56.03,56.425,55.86,56.19,1141501,AEE,,
27-03-2023,56.42,56.57,55.97,56.05,1083326,AEE,,
28-03-2023,55.94,56.44,54.89,55.31,5066720,AEE,,
29-03-2023,55.2,55.35,54.83,55.13,1996814,AEE,,
30-03-2023,54.96,54.99,54.48,54.69,1310211,AEE,,
31-03-2023,54.56,54.905,54.5,54.59,2105234,AEE,,
03-04-2023,54.52,54.59,54.14,54.57,1428686,AEE,,
04-04-2023,54.63,55.04,54.485,54.72,977760,AEE,,
05-04-2023,54.61,55.09,54.39,55.05,2026738,AEE,,
06-04-2023,55.04,55.16,54.595,54.71,2280289,AEE,,
07-04-2023,54.83,54.96,54.47,54.52,1870072,AEE,,
10-04-2023,54.55,54.76,54.19,54.71,1156690,AEE,,
11-04-2023,54.5,54.86,54.29,54.79,1522709,AEE,,
12-04-2023,54.7,55.415,54.56,55.39,2243075,AEE,,
13-04-2023,55.36,55.36,54.73,54.99,1885764,AEE,,
17-04-2023,55.17,55.49,54.93,55.43,2073799,AEE,,
18-04-2023,55.47,55.66,55.19,55.34,1140131,AEE,,
19-04-2023,55.25,55.41,54.71,54.89,1046219,AEE,,
20-04-2023,54.31,54.87,54.03,54.54,2445596,AEE,,
21-04-2023,54.52,55.225,54.46,55.09,1262632,AEE,,
24-04-2023,55.26,55.675,54.78,55.43,1463883,AEE,,
25-04-2023,55.2,55.38,54.87,55.08,1806677,AEE,,
26-04-2023,54.94,55.515,54.79,55.16,1794359,AEE,,
27-04-2023,55.09,55.39,54.9725,55.03,1245507,AEE,,
28-04-2023,54.99,55.11,54.48,54.69,1102777,AEE,,
01-05-2023,54.79,54.81,54.07,54.27,1088426,AEE,,
02-05-2023,54.45,54.63,53.94,54.25,1837105,AEE,,
03-05-2023,54.23,54.69,54.17,54.24,1592464,AEE,,
04-05-2023,54.37,54.85,53.72,54.81,1469532,AEE,,
05-05-2023,54.95,55.12,54.71,54.78,1210622,AEE,,
08-05-2023,54.8,54.95,54.44,54.63,875825,AEE,,
09-05-2023,54.63,54.685,54.14,54.21,937129,AEE,,
10-05-2023,54.24,54.55,54.15,54.45,1025443,AEE,,
11-05-2023,54.31,54.45,53.865,54.45,1220432,AEE,,
12-05-2023,54.47,55.09,54.47,54.93,1316329,AEE,,
15-05-2023,54.86,55.2,54.79,55.17,1081087,AEE,,
16-05-2023,55.1,55.32,54.6,54.66,1651469,AEE,,
17-05-2023,54.78,54.98,54.41,54.43,2385244,AEE,,
18-05-2023,54.64,55.35,54.216,55.3,3231028,AEE,,
19-05-2023,55.28,55.88,54.85,55.6,1981168,AEE,,
22-05-2023,55.48,56.53,55.48,56.42,2605749,AEE,,
23-05-2023,56.51,57.09,56.365,56.46,2437351,AEE,,
24-05-2023,56.32,56.5,55.92,56.14,3378225,AEE,,
25-05-2023,55.72,56.235,55.21,56.05,2165383,AEE,,
26-05-2023,55.99,56.21,55.88,56.15,1188238,AEE,,
30-05-2023,56.17,56.57,55.87,56.46,1189934,AEE,,
31-05-2023,56.57,56.96,56.57,56.75,2085958,AEE,,
01-06-2023,56.75,56.89,56.42,56.8,2592092,AEE,,
02-06-2023,57.03,57.21,56.55,57.17,1508293,AEE,,
05-06-2023,57.12,57.16,56.87,56.88,823572,AEE,,
06-06-2023,57,57.21,56.77,56.82,1091216,AEE,,
07-06-2023,56.97,57.14,56.775,56.89,1361987,AEE,,
08-06-2023,56.76,56.86,55.87,56.35,1367288,AEE,,
09-06-2023,56.13,56.4199,56.02,56.29,1169489,AEE,,
12-06-2023,56.01,56.17,55.51,56.13,1463779,AEE,,
13-06-2023,56.01,56.34,55.81,56.29,1024875,AEE,,
14-06-2023,56.67,56.9,56.215,56.41,755525,AEE,,
15-06-2023,56.41,56.63,56.23,56.48,1909660,AEE,,
16-06-2023,56.51,57.08,56.51,57.08,1802176,AEE,,
19-06-2023,57.14,57.14,56.6039,56.79,811192,AEE,,
20-06-2023,56.84,57.1,56.68,57.09,1087210,AEE,,
21-06-2023,57.07,57.16,56.15,56.47,1136867,AEE,,
22-06-2023,56.41,56.52,56.24,56.27,841042,AEE,,
23-06-2023,56.27,56.45,55.84,55.94,973322,AEE,,
26-06-2023,55.72,56.64,55.68,56.43,1392986,AEE,,
27-06-2023,56.19,56.49,55.7,55.89,2075696,AEE,,
28-06-2023,56.11,56.31,55.265,55.33,1082844,AEE,,
29-06-2023,54.9,55,54.48,54.7,1567862,AEE,,
30-06-2023,54.73,54.96,54.38,54.67,1944783,AEE,,
03-07-2023,54.85,54.92,54.13,54.13,800028,AEE,,
05-07-2023,54.12,54.2,53.55,53.86,1475500,AEE,,
06-07-2023,53.7,53.82,53.54,53.75,1082562,AEE,,
07-07-2023,53.77,54.38,53.73,54.14,1156378,AEE,,
10-07-2023,54.19,54.41,53.9,53.95,1679652,AEE,,
11-07-2023,54.01,54.04,53.59,53.81,862460,AEE,,
12-07-2023,54.3,54.52,54.15,54.4,1145528,AEE,,
13-07-2023,54.37,54.37,53.79,54.09,1431128,AEE,,
14-07-2023,54.48,54.63,54.23,54.43,720452,AEE,,
17-07-2023,54.47,55.01,54.18,54.89,2809163,AEE,,
18-07-2023,54.94,55.54,54.8145,55.36,2213421,AEE,,
19-07-2023,55.43,55.68,55.22,55.66,1134272,AEE,,
20-07-2023,55.86,56.29,55.65,56.14,1198295,AEE,,
21-07-2023,56.09,56.575,56.05,56.53,1243867,AEE,,
24-07-2023,56.52,56.67,55.8,55.92,1231431,AEE,,
25-07-2023,55.97,55.98,55.595,55.8,912866,AEE,,
26-07-2023,55.77,56.4,55.6598,56.34,706436,AEE,,
27-07-2023,56.19,56.38,55.855,56.27,1092204,AEE,,
28-07-2023,56.35,56.35,55.97,56.16,716301,AEE,,
31-07-2023,56.16,56.3729,56.02,56.1,1188175,AEE,,
01-08-2023,56.2,56.67,56.16,56.53,1279381,AEE,,
02-08-2023,56.36,56.815,56.2,56.73,904460,AEE,,
03-08-2023,56.55,57,56.4,57,1611171,AEE,,
04-08-2023,57,57.65,56.2572,57.5,1307037,AEE,,
07-08-2023,57.57,58.15,57.55,57.94,2400693,AEE,,
08-08-2023,57.85,58.75,57.83,58.43,1657866,AEE,,
09-08-2023,58.57,58.62,57.85,58.08,1881418,AEE,,
10-08-2023,58.1,58.61,57.84,58.54,1401611,AEE,,
11-08-2023,58.45,58.49,57.78,57.95,1106419,AEE,,
14-08-2023,58.13,58.52,57.91,58.45,896934,AEE,,
15-08-2023,58.23,58.83,58.23,58.83,1178148,AEE,,
16-08-2023,58.81,59.17,58.68,59.14,1088884,AEE,,
17-08-2023,59.12,59.33,58.84,58.91,1366086,AEE,,
18-08-2023,58.81,59.75,58.561,59.21,1758992,AEE,,
21-08-2023,59.31,59.36,59.06,59.26,1293959,AEE,,
22-08-2023,59.23,59.99,59.13,59.91,1736511,AEE,,
23-08-2023,59.87,60.26,59.77,60.25,999483,AEE,,
24-08-2023,60.2,60.41,60.04,60.26,738300,AEE,,
25-08-2023,60.48,60.58,60.26,60.37,1089120,AEE,,
28-08-2023,60.56,60.66,60.29,60.57,588435,AEE,,
29-08-2023,60.65,60.79,60.39,60.42,842701,AEE,,
30-08-2023,60.34,60.52,60.14,60.3,712235,AEE,,
31-08-2023,60.3,60.55,59.87,59.99,2029054,AEE,,
01-09-2023,60.17,60.369,59.555,59.8,1177910,AEE,,
05-09-2023,59.84,60,59.63,59.86,1174942,AEE,,
06-09-2023,59.97,60,59.4,59.47,1458310,AEE,,
07-09-2023,59.52,59.91,59.31,59.88,1361467,AEE,,
08-09-2023,59.94,60.28,59.54,60.09,920192,AEE,,
11-09-2023,60.12,60.91,60.01,60.91,1194775,AEE,,
12-09-2023,60.28,60.305,59.23,59.45,1794646,AEE,,
13-09-2023,59.3,59.3,58.6401,58.89,2736343,AEE,,
14-09-2023,58.81,59.56,58.59,59.56,1650259,AEE,,
15-09-2023,59.85,60.06,59.39,59.81,2251573,AEE,,
18-09-2023,59.85,59.85,58.8,59.25,1030527,AEE,,
19-09-2023,59.35,59.37,58.99,59.25,1607869,AEE,,
20-09-2023,59.33,59.535,58.47,58.74,1412057,AEE,,
21-09-2023,58.82,59.18,58.63,58.81,766051,AEE,,
22-09-2023,59.04,59.04,58.34,58.51,1123570,AEE,,
25-09-2023,58.58,59.78,58.55,59.38,2353460,AEE,,
26-09-2023,59.25,59.39,58.89,59.14,1367035,AEE,,
27-09-2023,58.66,58.92,57.8,57.92,2112379,AEE,,
28-09-2023,57.76,58.68,57.56,58.36,1855628,AEE,,
29-09-2023,58.16,58.46,57.78,57.84,1838753,AEE,,
02-10-2023,58.14,58.62,57.93,58.39,1383023,AEE,,
03-10-2023,58.35,58.35,57.67,57.93,1154959,AEE,,
04-10-2023,57.98,58.61,57.87,58.55,1189481,AEE,,
05-10-2023,58.54,58.87,58.3202,58.84,1447587,AEE,,
06-10-2023,58.55,58.9,58.37,58.78,1178690,AEE,,
09-10-2023,58.88,59.15,58.8,59.15,892586,AEE,,
10-10-2023,59.27,59.89,59.04,59.86,1555493,AEE,,
11-10-2023,59.82,60.24,59.55,59.78,1362498,AEE,,
12-10-2023,59.79,60.385,59.66,60.34,1287214,AEE,,
13-10-2023,60.49,60.74,60.04,60.41,1159327,AEE,,
16-10-2023,60.3,61.04,60.13,60.64,1575079,AEE,,
17-10-2023,60.42,61.04,60.42,60.95,1130399,AEE,,
18-10-2023,60.805,61.105,60.685,61.01,882158,AEE,,
19-10-2023,61.02,61.57,61.02,61.56,832397,AEE,,
20-10-2023,61.49,61.74,61.22,61.56,955251,AEE,,
23-10-2023,61.69,61.755,61.39,61.72,923876,AEE,,
24-10-2023,61.61,61.82,61.41,61.73,838425,AEE,,
25-10-2023,61.5,61.71,60.52,61.14,1520325,AEE,,
26-10-2023,61.5,61.96,61.23,61.38,1297968,AEE,,
27-10-2023,61.38,61.805,61.17,61.8,968211,AEE,,
30-10-2023,61.8,62,61.58,61.83,688874,AEE,,
31-10-2023,61.71,62.14,61.63,61.99,1127701,AEE,,
01-11-2023,61.98,62.04,61.48,61.8,1253938,AEE,,
02-11-2023,61.89,62.49,61.75,62.32,2550218,AEE,,
03-11-2023,61.58,62.83,61.49,62.19,1978957,AEE,,
06-11-2023,62.41,62.69,61.95,62.12,1466091,AEE,,
07-11-2023,62.34,63.01,62.01,62.87,1450757,AEE,,
08-11-2023,62.77,63.15,62.29,62.66,1693669,AEE,,
09-11-2023,62.4,62.895,62.19,62.82,994951,AEE,,
10-11-2023,62.46,62.77,62.17,62.48,1239766,AEE,,
13-11-2023,62.63,63.42,62.54,63.39,844764,AEE,,
14-11-2023,63.26,64.7,63.12,64.54,1078616,AEE,,
15-11-2023,64.67,64.89,63.93,64.05,979015,AEE,,
16-11-2023,64,64.21,63.52,63.64,1138647,AEE,,
17-11-2023,63.43,63.8,63.23,63.3,1212632,AEE,,
20-11-2023,63.44,63.51,63.03,63.16,861099,AEE,,
21-11-2023,63.38,63.66,63.14,63.16,1119045,AEE,,
22-11-2023,63.2,63.31,62.615,62.92,925875,AEE,,
24-11-2023,63.21,63.28,62.89,62.98,395006,AEE,,
27-11-2023,63.12,63.6,62.9644,63.39,1168444,AEE,,
28-11-2023,63.53,63.92,63.53,63.85,622394,AEE,,
29-11-2023,63.72,64.24,63.47,63.68,917160,AEE,,
30-11-2023,63.7,64.18,63.7,63.96,3716118,AEE,,
01-12-2023,64.19,64.36,63.3652,63.75,1113129,AEE,,
04-12-2023,63.9,64.02,62.98,63.09,1700621,AEE,,
05-12-2023,63.15,63.33,62.06,62.48,1768752,AEE,,
06-12-2023,62.63,62.83,62.39,62.71,1355183,AEE,,
07-12-2023,62.74,62.74,62.32,62.67,740644,AEE,,
08-12-2023,62.51,63.21,62.355,63.19,1222322,AEE,,
11-12-2023,62.9,63.71,62.9,63.66,787558,AEE,,
12-12-2023,63.09,63.1496,61.295,61.36,1677991,AEE,,
13-12-2023,60.8,61.78,60.32,61.25,2028795,AEE,,
14-12-2023,60.965,61.27,60.6,60.83,1526771,AEE,,
15-12-2023,60.98,61.44,60.83,60.94,2832234,AEE,,
18-12-2023,60.94,61.22,60.16,60.41,1709749,AEE,,
19-12-2023,60.51,60.68,59.46,59.49,1536316,AEE,,
20-12-2023,59.52,59.69,58.6401,58.69,1856419,AEE,,
21-12-2023,58.4,58.85,58.29,58.37,1649479,AEE,,
22-12-2023,58.53,58.83,58.52,58.69,1032697,AEE,,
26-12-2023,58.72,58.98,58.28,58.3,598069,AEE,,
27-12-2023,58.69,58.75,58.35,58.7,1081823,AEE,,
28-12-2023,58.81,59.15,58.58,59.15,1123151,AEE,,
29-12-2023,59.24,59.44,58.98,58.99,1192972,AEE,,
02-01-2024,58.98,59.0326,58.16,58.39,1313803,AEE,,
03-01-2024,58.16,58.64,57.82,58.09,1373838,AEE,,
04-01-2024,57.96,58.5,57.32,57.43,1647477,AEE,,
05-01-2024,57.62,57.81,57.23,57.39,1321491,AEE,,
08-01-2024,57.61,58.09,57.28,58.07,964209,AEE,,
09-01-2024,57.9,57.99,57.23,57.32,1165284,AEE,,
10-01-2024,56.98,57.08,56.39,56.48,1017450,AEE,,
11-01-2024,56.7,56.745,55.89,56.15,1497655,AEE,,
12-01-2024,55.96,56.19,55.42,55.52,1385138,AEE,,
16-01-2024,55.67,55.92,54.83,55.46,1684912,AEE,,
17-01-2024,55.64,55.94,55.3,55.79,1600845,AEE,,
18-01-2024,55.76,55.79,54.92,55.39,1807659,AEE,,
19-01-2024,55.61,55.785,55.105,55.16,1450030,AEE,,
22-01-2024,55.47,55.8406,55.26,55.3,1065589,AEE,,
23-01-2024,55.31,56.38,55.28,56.07,1351102,AEE,,
24-01-2024,56.02,56.17,55.67,55.74,2683579,AEE,,
25-01-2024,55.74,56.85,55.68,56.74,1849107,AEE,,
26-01-2024,56.87,57.09,56.26,56.92,1616584,AEE,,
29-01-2024,56.59,56.63,55.86,55.88,1270403,AEE,,
30-01-2024,55.91,56.33,55.73,56.09,1299637,AEE,,
31-01-2024,56.12,56.74,55.78,56.63,2066582,AEE,,
01-02-2024,56.62,56.62,54.96,55.21,3167081,AEE,,
02-02-2024,54.91,55.41,54.7705,54.89,1440562,AEE,,
05-02-2024,54.92,55.54,54.01,54.15,1921642,AEE,,
06-02-2024,53.52,53.66,51.89,53,2420804,AEE,,
07-02-2024,53,53.82,52.8,53.19,2669942,AEE,,
