date,open,high,low,close,volume,Name
08-02-2019,87.55,88.49,87.33,88.35,782915,APD
11-02-2019,88.47,88.74,88.11,88.42,744599,APD
12-02-2019,88.43,88.88,87.79,88.83,929048,APD
13-02-2019,88.94,89.05,88.35,88.78,856548,APD
14-02-2019,88.49,88.8664,88.03,88.69,660901,APD
15-02-2019,88.71,88.8,87.96,88.23,800357,APD
19-02-2019,88.63,89.13,88.18,88.7,558836,APD
20-02-2019,88.64,88.8,87.55,87.61,1276047,APD
21-02-2019,87.21,87.75,85,85.67,2003368,APD
22-02-2019,86.02,86.1,85.32,86.09,1368480,APD
25-02-2019,86.49,86.51,84.22,84.23,997593,APD
26-02-2019,84.59,84.93,84.15,84.34,1235923,APD
27-02-2019,84.43,85.94,84.27,85.56,1039911,APD
28-02-2019,85.48,86.83,85.44,86.34,1195693,APD
01-03-2019,85.85,86.65,85.32,86.34,739891,APD
04-03-2019,86.12,86.53,85.57,86.34,577902,APD
05-03-2019,86.75,87.72,86.625,86.9,866919,APD
06-03-2019,87.2,87.28,86.62,86.71,649540,APD
07-03-2019,86.87,87.94,86.68,87.85,904129,APD
08-03-2019,88.27,89.23,88.11,89.1,1205892,APD
11-03-2019,88.84,89.03,88.16,88.83,888563,APD
12-03-2019,88.83,89.31,88.44,88.91,702889,APD
13-03-2019,88.91,89.12,88.08,89,681643,APD
14-03-2019,89.2,89.9,89.0001,89.9,658433,APD
15-03-2019,89.56,90.34,89.344,90.17,1904607,APD
18-03-2019,89.23,89.28,88.5,88.92,942677,APD
19-03-2019,88.95,89.28,87.66,88.21,839568,APD
20-03-2019,88.59,89.09,88.33,88.84,889497,APD
21-03-2019,86.85,87.9499,86.58,87.1,1396827,APD
22-03-2019,87.77,88.04,87.23,87.52,836860,APD
25-03-2019,87.99,88.14,87.15,87.47,977859,APD
26-03-2019,87.79,88.07,87.445,87.92,749202,APD
27-03-2019,86.54,86.55,85.65,86.28,983321,APD
28-03-2019,86.3,87.27,86.06,87.12,1339829,APD
01-04-2019,86.69,86.83,85.24,85.51,1277346,APD
02-04-2019,85.96,86.07,84.7,85.01,966267,APD
03-04-2019,85.14,85.2,84.04,84.28,1105572,APD
04-04-2019,84.45,85.4,84.32,85.37,781010,APD
05-04-2019,84.58,85.18,84.06,85.13,665810,APD
08-04-2019,85.2,85.68,84.71,85.65,498664,APD
09-04-2019,85.97,86.4,85.38,86,667549,APD
10-04-2019,86.2,86.43,85.86,86.34,1278097,APD
11-04-2019,86.43,87.32,86.228,87.24,1231832,APD
12-04-2019,87.02,87.2,86.43,86.93,1084435,APD
15-04-2019,86.45,86.63,84.85,84.86,2014162,APD
16-04-2019,85.16,86.58,85.16,86.5,931172,APD
17-04-2019,86.06,86.46,85.48,85.78,1220134,APD
18-04-2019,86.08,86.375,84.66,84.85,1060595,APD
19-04-2019,85.08,85.92,85.08,85.71,1613468,APD
22-04-2019,85.71,86.51,85.64,86.29,837340,APD
23-04-2019,85.72,86.4,84.53,85.18,2129386,APD
24-04-2019,85.41,86.18,85.31,85.8,1706210,APD
25-04-2019,85.62,86.69,85.33,86.01,836462,APD
26-04-2019,86,86.08,85.45,85.59,581417,APD
29-04-2019,85.93,86.67,85.59,86.54,695722,APD
30-04-2019,86.52,86.96,86.03,86.96,768342,APD
01-05-2019,86.69,86.77,85.63,85.69,654609,APD
02-05-2019,88.95,90.9,87.54,89.04,5214572,APD
03-05-2019,89.99,90.22,89.51,89.8,1911036,APD
06-05-2019,90,90,88.53,89.38,1212374,APD
07-05-2019,89.59,90.1899,89.29,90.03,938734,APD
08-05-2019,89.88,91.17,89.7,91.15,989467,APD
09-05-2019,90.91,91.38,90.675,91.01,1142512,APD
10-05-2019,91.18,91.42,90.52,91.21,956549,APD
13-05-2019,90.97,91.21,90.5,90.84,640649,APD
14-05-2019,90.97,91.64,90.57,91.59,890335,APD
15-05-2019,91.42,92.45,90.92,92.38,1248803,APD
16-05-2019,92.1,92.96,92.03,92.77,971940,APD
17-05-2019,93,94.49,92.87,94.33,1060286,APD
20-05-2019,94.08,95.41,94.06,94.81,1124584,APD
21-05-2019,95,95.49,94.54,94.86,673023,APD
22-05-2019,94.75,96.155,94.53,95.12,1973663,APD
23-05-2019,93.47,94.38,93.11,94.17,1378987,APD
24-05-2019,93.71,94.06,93.26,93.93,917039,APD
28-05-2019,94.97,95.16,94.34,94.71,834922,APD
29-05-2019,94.23,95.055,94.02,94.63,891593,APD
30-05-2019,94.85,95.1,94.43,94.89,703623,APD
31-05-2019,94.51,95.27,94.208,94.41,1643512,APD
03-06-2019,94.39,94.8,93.98,94.77,1422929,APD
04-06-2019,94.5,95.54,94.34,95.39,1443497,APD
05-06-2019,95.07,95.52,94.1,94.1,2153166,APD
06-06-2019,94.19,94.66,93.76,94.55,1804559,APD
07-06-2019,94.88,95.14,94,95.09,1415744,APD
10-06-2019,95.1,95.3,94.75,94.99,1108922,APD
11-06-2019,94.11,95.35,93.75,94.9,1480551,APD
12-06-2019,95.36,95.5,94.71,94.79,2143587,APD
13-06-2019,94.68,95.5999,94.31,95.34,1393149,APD
14-06-2019,95.73,96.59,95.255,96.35,2300528,APD
17-06-2019,96.64,96.88,96.25,96.57,1752540,APD
18-06-2019,96.55,96.74,96.14,96.58,1298383,APD
19-06-2019,96.72,97.12,96.12,96.16,1321830,APD
20-06-2019,95.38,95.71,94.14,94.28,1962859,APD
21-06-2019,94.29,94.8,93.62,94.59,2391235,APD
24-06-2019,93.64,94.04,92.61,93.55,1895004,APD
25-06-2019,94.22,94.83,93.92,94.61,1862193,APD
26-06-2019,95.68,96.4,95.4,96.13,1406546,APD
27-06-2019,94.48,94.77,92.3733,92.78,2880482,APD
28-06-2019,92.67,93.17,91.31,91.57,3033151,APD
01-07-2019,91.51,95.02,90.6,93.51,3382201,APD
02-07-2019,92.13,93.6,90.47,90.75,4447384,APD
03-07-2019,90.61,92.17,90.12,91.39,1436437,APD
05-07-2019,92.26,92.43,91.28,91.88,987889,APD
08-07-2019,91.75,92.56,91.38,92.35,1580439,APD
09-07-2019,92.8,96.17,92.77,95.96,4251630,APD
10-07-2019,95.7,96.7,94.86,96.53,2350241,APD
11-07-2019,97.61,97.66,96.6,97.01,1629714,APD
12-07-2019,97.04,97.09,96.09,96.65,1239619,APD
15-07-2019,96.62,96.755,96.15,96.61,1141384,APD
16-07-2019,95.99,95.99,94.8,95.5,1708183,APD
17-07-2019,96,96.47,95.81,96.37,1244818,APD
18-07-2019,96.79,97.47,96.18,96.88,1214710,APD
19-07-2019,96.89,97.2,96.03,96.99,1603331,APD
22-07-2019,96.73,97.9,96.72,97.88,3521929,APD
23-07-2019,101.03,101.03,97.89,100.65,4193715,APD
24-07-2019,100.44,100.65,99.69,100.56,1710836,APD
25-07-2019,102.02,108.66,101.89,107.11,8089629,APD
26-07-2019,106.61,106.99,103.89,104.12,7715412,APD
29-07-2019,104.28,104.7,102.75,104.64,2316181,APD
30-07-2019,104.83,105.75,104.15,105.61,1540399,APD
31-07-2019,108.78,109.98,107.52,108.64,6710685,APD
01-08-2019,109.49,110.995,106.39,107.25,4562422,APD
02-08-2019,106.8,107.02,105.69,106.95,2186272,APD
05-08-2019,108.08,108.08,106.83,107.83,1120228,APD
06-08-2019,107.08,107.98,106.72,106.87,1338752,APD
07-08-2019,106.69,107.41,106.04,106.76,1278337,APD
08-08-2019,107.22,107.92,106.23,106.62,1250229,APD
09-08-2019,106.38,107.49,106.33,106.7,739486,APD
12-08-2019,105.91,105.91,102.64,103.2,2590919,APD
13-08-2019,103.57,104.24,103.4,103.95,1193954,APD
14-08-2019,103.82,104.2,102.49,102.78,1037624,APD
15-08-2019,101.96,102.04,100.85,101.44,1460834,APD
16-08-2019,101,101.3499,99.76,100.89,2261027,APD
19-08-2019,100.6,101.8225,100.58,101.52,2027782,APD
20-08-2019,101.32,102.41,100.935,102.23,1641803,APD
21-08-2019,102,102.37,101.32,101.7,1406820,APD
22-08-2019,102.14,103.71,101.58,102.98,765450,APD
23-08-2019,103.02,104.16,102.62,104,824468,APD
26-08-2019,104.14,104.5,103.19,103.32,670880,APD
27-08-2019,102.66,103.1,101.75,101.86,830860,APD
28-08-2019,101.61,102,101.17,101.47,689607,APD
29-08-2019,101.3,103.7,101.14,102.44,692897,APD
30-08-2019,102.53,102.69,101.49,102.14,945314,APD
03-09-2019,103.3,103.67,102.03,102.91,768222,APD
04-09-2019,102.87,103.96,102.4,103.87,667248,APD
05-09-2019,103.83,104.24,103.26,103.84,620301,APD
06-09-2019,104.01,104.37,102.87,102.99,913632,APD
09-09-2019,103.48,105.79,103.12,105.74,899971,APD
10-09-2019,106.12,106.7,105.66,106.2,757011,APD
11-09-2019,106.21,106.6,105.58,106.28,529305,APD
12-09-2019,106.01,106.7,105.56,105.73,505976,APD
13-09-2019,105.86,106.37,105.5,106.15,528015,APD
16-09-2019,107.41,108.75,106.735,107.99,1213692,APD
17-09-2019,107.73,107.89,106.26,106.54,2141181,APD
18-09-2019,106.65,109.5,106.16,109.37,1124634,APD
19-09-2019,109.47,111.4,109.47,110.02,1105215,APD
20-09-2019,110.02,110.96,108.57,108.57,1924236,APD
23-09-2019,108.14,108.899,107.0632,107.42,923583,APD
24-09-2019,107.3,108.06,107.05,107.21,672529,APD
25-09-2019,107.7,108.09,106.91,107.32,654173,APD
26-09-2019,109.83,114.75,109.02,109.78,3485191,APD
27-09-2019,107.64,108.26,106.95,107,1338475,APD
30-09-2019,106.16,107.16,106,106.57,1025924,APD
01-10-2019,105.72,107.92,105.201,107.11,1432585,APD
02-10-2019,106.88,107.64,105.78,107.16,1257293,APD
03-10-2019,107.16,107.3499,105.16,105.43,1678683,APD
04-10-2019,105.45,106.56,105.1,106.31,1228688,APD
07-10-2019,105.79,106.18,104.55,104.62,1141873,APD
08-10-2019,104.72,104.76,102.23,102.58,1657511,APD
09-10-2019,102.83,104.41,102.42,103.99,1313657,APD
10-10-2019,105.11,108,105,107.8,1847606,APD
11-10-2019,108.29,108.75,107.34,108.72,1136899,APD
14-10-2019,107.62,109.33,107.52,109.17,682838,APD
15-10-2019,108.72,109.25,107.83,108.1,1039665,APD
16-10-2019,109.05,109.69,108.43,109.09,822598,APD
17-10-2019,108.89,110.1,108.57,109.87,886561,APD
18-10-2019,110.21,110.51,109.48,110.19,1540872,APD
21-10-2019,109.98,110.99,109.91,110.66,545303,APD
22-10-2019,111.23,111.95,111.08,111.73,744326,APD
23-10-2019,111.68,111.94,110.06,110.65,719940,APD
24-10-2019,110.65,111.73,110.53,111.38,715724,APD
25-10-2019,111.16,111.87,110.6501,111.73,869357,APD
28-10-2019,111.53,111.58,108.79,109.54,1611237,APD
29-10-2019,108.21,109.4,107,107.47,2337464,APD
30-10-2019,107.83,109.76,106.99,107.2,1746400,APD
31-10-2019,107.3,109.385,106.4,109.01,1526732,APD
01-11-2019,108.95,109.75,107.59,108,1140376,APD
04-11-2019,108.12,108.9,107.79,108.77,773487,APD
05-11-2019,108.44,109.39,107.74,109.12,643625,APD
06-11-2019,109.46,110.1,109.15,109.92,713396,APD
07-11-2019,109.78,109.88,108.02,108.26,1503638,APD
08-11-2019,108.25,109.63,108.1,109.45,890617,APD
11-11-2019,109.5,109.88,108.85,109.09,874499,APD
12-11-2019,109.1,109.19,107.91,107.97,1025307,APD
13-11-2019,107.73,108.41,107.43,108.04,1213360,APD
14-11-2019,108.36,108.78,107.79,108.67,1048818,APD
15-11-2019,109.02,110.69,108.81,110.59,1049437,APD
18-11-2019,110.54,110.93,109.61,109.94,839396,APD
19-11-2019,109.94,110.64,109.5,110.09,898141,APD
20-11-2019,109.99,110.35,109.25,109.6,861865,APD
21-11-2019,109.97,110.16,109.13,109.71,1009670,APD
22-11-2019,110,111.42,109.25,111.17,1106741,APD
25-11-2019,111.17,111.61,109.51,109.72,670437,APD
26-11-2019,109.26,109.7,108.72,108.85,1079113,APD
27-11-2019,109.05,109.62,108.65,109.12,722402,APD
29-11-2019,109.1,109.75,108.58,108.83,282448,APD
02-12-2019,108.95,109.18,107.5,107.69,1109727,APD
03-12-2019,107.5,107.5,106.31,107.16,990998,APD
04-12-2019,107,107.8,106.45,107.45,725585,APD
05-12-2019,107,107.35,106.18,106.51,674145,APD
06-12-2019,107.81,109.55,107.45,109.51,762150,APD
09-12-2019,109.36,109.51,108.67,109.18,833093,APD
10-12-2019,108.49,109.77,108.44,109.1,625483,APD
11-12-2019,108.94,108.97,106.74,106.83,706700,APD
12-12-2019,106.72,107.75,106.13,107.48,697831,APD
13-12-2019,107.59,108.255,107.39,107.72,686063,APD
16-12-2019,108.01,108.65,107.07,107.3,860360,APD
17-12-2019,107.5,108.35,106.79,107.4,1316918,APD
18-12-2019,107.88,107.99,105.74,107.28,1882808,APD
19-12-2019,107.05,111.05,106.51,110.92,2244086,APD
20-12-2019,111.21,112.26,111.1,111.3,1453211,APD
23-12-2019,111.74,112.61,111.16,112.52,694119,APD
24-12-2019,112.61,113.54,112.35,112.79,451982,APD
26-12-2019,112.93,113.83,112.7701,113.66,483096,APD
27-12-2019,113.87,113.99,112.95,113.43,476726,APD
30-12-2019,112.48,113.32,112.47,112.59,422716,APD
31-12-2019,112.53,113.11,111.4,111.78,1178849,APD
02-01-2020,111.56,111.95,111.11,111.44,839074,APD
03-01-2020,111.94,112.07,110.73,111.22,1057819,APD
06-01-2020,111.57,112,110.77,111.49,773899,APD
07-01-2020,112.2,112.2,110,110.11,1292088,APD
08-01-2020,110.28,110.42,109.1,110.09,1398336,APD
09-01-2020,110.24,110.96,109.26,109.66,1127924,APD
10-01-2020,110.09,110.64,109.42,109.63,1158987,APD
13-01-2020,109.44,110.54,108.3601,108.58,1033080,APD
14-01-2020,108.91,110.31,108.17,110.17,804316,APD
15-01-2020,110.2,112.14,110.11,111.25,1313607,APD
16-01-2020,111.03,111.86,110.98,111.69,1119200,APD
17-01-2020,111.86,112.532,111.28,112.01,1368351,APD
21-01-2020,112.38,112.93,111.55,112.05,798271,APD
22-01-2020,112.71,113.22,111.67,112.3,1068997,APD
23-01-2020,111.38,111.95,110.82,111.01,829431,APD
24-01-2020,110.04,110.35,106.65,106.71,1159216,APD
27-01-2020,107.07,107.38,105.47,106.24,1116067,APD
28-01-2020,106.96,107.95,105.75,107.79,1469414,APD
29-01-2020,106.47,107.63,105.4,106,1645764,APD
30-01-2020,106.51,106.54,105.82,105.92,909561,APD
31-01-2020,104.83,106.15,103.81,105.14,1744850,APD
03-02-2020,105.47,106.09,103.4,103.75,1789044,APD
04-02-2020,104.31,105.31,103.79,103.98,1213385,APD
05-02-2020,103.7,104.59,102.73,104.26,857529,APD
06-02-2020,104.03,107.34,103.76,107.24,1521042,APD
07-02-2020,108.31,109.34,107.685,109.23,1700034,APD
10-02-2020,109,110.605,109,109.81,1604946,APD
11-02-2020,110.27,112.12,109.83,111.94,1618494,APD
12-02-2020,111.84,112.26,111.66,111.87,2049346,APD
13-02-2020,110.79,117.04,110.61,116.93,3059121,APD
14-02-2020,116.78,117.55,115.89,117.38,1365016,APD
18-02-2020,117.5,118.892,117.47,118.04,1320930,APD
19-02-2020,118.2,118.61,117.05,117.08,1406529,APD
20-02-2020,117.51,118.05,116.15,117.71,1358214,APD
21-02-2020,118.37,119.23,117.93,118.27,1322284,APD
24-02-2020,117.98,119.06,117.98,118.73,1555647,APD
25-02-2020,118.43,120,118.3,119.67,1520056,APD
26-02-2020,119.53,120.36,117.38,117.47,2946942,APD
27-02-2020,118.8,119.63,118.3,119.34,1448073,APD
28-02-2020,119.5,122.24,119.48,121.32,1625990,APD
03-03-2020,120.59,121.08,119.65,120.52,852134,APD
04-03-2020,122,123.15,121.66,122.51,1155421,APD
05-03-2020,122.51,122.51,121.45,121.58,728090,APD
06-03-2020,121.58,123.6,121.51,122.45,1092714,APD
07-03-2020,123.13,123.26,121.37,121.67,940536,APD
10-03-2020,121.6,121.8,120,121.1,1288255,APD
11-03-2020,121.46,122.22,120.47,120.54,1539545,APD
12-03-2020,119.94,120.23,119.44,119.75,1446883,APD
13-03-2020,120.09,120.93,118.8703,119.31,982912,APD
14-03-2020,119.4,120.13,119.17,119.77,1037425,APD
17-03-2020,120.16,121.32,119.91,120.85,942546,APD
18-03-2020,121.38,121.85,120.53,121.83,1183529,APD
19-03-2020,121.6,122.45,120.53,121.04,1528035,APD
20-03-2020,120.64,122.26,120.64,122.21,1032759,APD
21-03-2020,123.88,124.4,121.98,122.15,1988905,APD
24-03-2020,122.18,123.229,119.96,120.19,1441550,APD
25-03-2020,121.09,121.44,120,120.95,970375,APD
26-03-2020,121.56,121.69,119.39,119.42,710172,APD
27-03-2020,119.27,119.36,118,118.44,968422,APD
28-03-2020,118.39,118.5,117.28,117.3,1600587,APD
31-03-2020,118.49,119.24,117.48,119.04,1845736,APD
01-04-2020,118.93,120.01,118.93,120,782031,APD
02-04-2020,120.39,121.81,119.69,121.76,1061368,APD
03-04-2020,122.25,122.92,120.74,121.15,1006041,APD
04-04-2020,121.77,122.22,119.04,119.1,1085371,APD
07-04-2020,119.23,119.23,116.57,116.78,1056749,APD
08-04-2020,116.8,117.71,116.58,117.12,1075547,APD
09-04-2020,117.46,118.91,117.218,118.45,1383283,APD
10-04-2020,118.5,119.57,115.81,115.85,2118665,APD
11-04-2020,115.5,116.7,115.09,115.14,1682183,APD
14-04-2020,115.87,116.15,114.52,115.19,1026755,APD
15-04-2020,115.37,116.36,114.28,116.31,886253,APD
16-04-2020,117.16,118.71,116.85,118.68,1696952,APD
17-04-2020,118.44,118.97,117.9,117.94,1215199,APD
21-04-2020,117.66,118.71,117.27,117.55,1293612,APD
22-04-2020,117.68,119.9,117.27,119.17,1454735,APD
23-04-2020,119.64,120.13,117.32,118.47,1152294,APD
24-04-2020,119.03,119.03,117.93,118.45,743017,APD
25-04-2020,118.39,118.39,116.43,117.12,735855,APD
28-04-2020,116.78,117.588,115.63,117.02,1304232,APD
29-04-2020,117.63,118.02,116.91,117.13,811236,APD
30-04-2020,116.72,117.72,116.53,117.52,657392,APD
01-05-2020,117.57,118.48,116.754,117.42,893090,APD
02-05-2020,117.41,118.465,116.82,118.22,838111,APD
05-05-2020,117.8,119.62,117.37,119.35,747318,APD
06-05-2020,118.99,120.38,118.4,118.79,1107815,APD
07-05-2020,119.26,119.99,117.88,119.92,717397,APD
08-05-2020,119.74,120.85,118.71,119.04,556416,APD
09-05-2020,119.06,119.37,118.24,118.72,529369,APD
12-05-2020,119.41,120.58,118.97,119.88,980783,APD
13-05-2020,120,120.295,119.18,119.3,523049,APD
14-05-2020,119.23,120.25,118.8,119.7,526467,APD
15-05-2020,119.35,119.35,116.66,116.98,1006595,APD
16-05-2020,117.08,118.54,116.67,118.5,1021460,APD
19-05-2020,118.49,119.42,117.92,118.23,546397,APD
20-05-2020,117.82,118.26,116.29,116.75,731109,APD
21-05-2020,117.17,118.75,116.6101,118.51,770675,APD
22-05-2020,118.34,119,117.88,118.19,394642,APD
23-05-2020,118.18,118.85,117.64,118.74,587928,APD
27-05-2020,119.23,119.72,118.62,118.79,458342,APD
28-05-2020,118.8,119.14,118.25,118.31,371254,APD
29-05-2020,119.22,120.32,117.94,120.22,533270,APD
30-05-2020,119.85,120.09,119.17,119.97,495993,APD
02-06-2020,120,122.06,119.74,121.83,858649,APD
03-06-2020,121.53,121.84,120.85,121.54,661487,APD
04-06-2020,121.23,121.73,120.39,120.45,829129,APD
05-06-2020,121.2,123.01,119.56,122.86,1002512,APD
06-06-2020,122.97,123.58,122.6,123.55,563354,APD
09-06-2020,123.4,123.405,122.495,122.95,714110,APD
10-06-2020,122.64,123.34,121.81,123.32,1233168,APD
11-06-2020,122.6,122.95,121.84,121.99,603377,APD
12-06-2020,121.92,121.92,119.32,119.54,995017,APD
13-06-2020,119.59,121.48,119.4,121.13,700331,APD
16-06-2020,121.07,121.07,119.61,120.52,817952,APD
17-06-2020,120.18,121.63,119.8,121.6,804140,APD
18-06-2020,128.7,131.48,128.57,130.72,9193185,APD
19-06-2020,130.29,130.95,129.39,129.7,2099342,APD
20-06-2020,130.25,130.83,129.718,130.75,2460753,APD
23-06-2020,130.58,130.62,129.65,130.13,753804,APD
24-06-2020,130.05,130.16,128.94,129.22,1376055,APD
25-06-2020,129.21,130.2,128.13,129.54,947530,APD
26-06-2020,129.72,129.94,128.02,128.83,920593,APD
27-06-2020,126.87,128.65,126.62,128.61,1514779,APD
30-06-2020,128.41,129.35,127.34,128.62,1405541,APD
01-07-2020,128.3,129.48,127.26,129.26,1561775,APD
02-07-2020,129.66,129.66,128.45,128.63,829885,APD
03-07-2020,129.4,129.53,129,129.42,519375,APD
07-07-2020,128.76,129.2,128.34,128.91,707365,APD
08-07-2020,128.16,129.23,127.94,128.58,842202,APD
09-07-2020,129.37,129.48,128.49,129.28,836843,APD
10-07-2020,128,129.1,127.68,128.69,706760,APD
11-07-2020,128.5,129.45,128.33,129.42,631578,APD
14-07-2020,129.98,129.98,129.19,129.61,924488,APD
15-07-2020,129.98,130.75,129.27,129.6,1434233,APD
16-07-2020,129.99,130.38,129.25,129.8,827462,APD
17-07-2020,129.2,130.16,128.36,129.98,1163056,APD
18-07-2020,129.2,130.16,128.36,129.98,1163056,APD
21-07-2020,129.33,130.16,129.05,130.06,923954,APD
22-07-2020,130.04,130.56,129.715,130.33,988146,APD
23-07-2020,130.2,136.31,130.05,136.09,4299773,APD
24-07-2020,135.28,136.43,134.76,135.16,1667588,APD
25-07-2020,134.73,136,134.68,135.87,1220766,APD
28-07-2020,135.75,136.33,134.82,136.32,1302851,APD
29-07-2020,136.5,136.8,135.86,135.86,1457530,APD
30-07-2020,136.17,136.905,134.68,135.34,981079,APD
31-07-2020,134.21,135.02,131.94,131.95,1471550,APD
01-08-2020,134.18,135.53,133.07,135.32,864857,APD
04-08-2020,134.18,135.53,133.07,135.32,864857,APD
05-08-2020,135.2,135.2,132.1,132.66,2886370,APD
06-08-2020,132.37,133.15,131.86,132.32,1470751,APD
07-08-2020,132.94,132.94,130.68,131.16,1045253,APD
08-08-2020,131.48,132.76,130.96,132.67,937711,APD
11-08-2020,133.3,133.5389,131.9,132.03,889058,APD
12-08-2020,132.15,132.34,131.07,131.99,583758,APD
13-08-2020,132.71,132.795,132.07,132.44,1140919,APD
14-08-2020,132.61,133.11,132.19,132.55,543019,APD
15-08-2020,132.84,133.82,131.56,132.78,840826,APD
18-08-2020,133.39,134.31,133.39,134.14,989493,APD
19-08-2020,134.22,134.7997,133.57,134.38,1341830,APD
20-08-2020,134.32,134.4,133.33,133.81,750362,APD
21-08-2020,133.89,134.02,132.93,133.13,1137080,APD
22-08-2020,133.16,133.3,132.49,132.75,779592,APD
25-08-2020,133.33,133.84,132.66,133.18,701998,APD
26-08-2020,133.82,133.82,133.02,133.4,693871,APD
27-08-2020,133.03,133.79,132.39,133,1099255,APD
28-08-2020,132.5,133.9,131.89,133.34,1839722,APD
29-08-2020,133.7,133.87,132.63,133.21,960225,APD
02-09-2020,133.17,133.51,131.71,132.29,1254171,APD
03-09-2020,132.28,133.44,132.28,132.88,1020967,APD
04-09-2020,132.89,133.4,132.19,132.43,777737,APD
05-09-2020,132.21,132.58,131.516,132.54,846349,APD
08-09-2020,132.3,133.39,131.66,131.99,931268,APD
09-09-2020,132.04,132.04,129.52,130.11,1261905,APD
10-09-2020,129.93,131.73,129.16,131.61,3813232,APD
11-09-2020,130.47,130.51,128.03,128.43,3140054,APD
12-09-2020,128.39,129.05,127.46,128.22,2041601,APD
15-09-2020,127.83,129.06,126.82,128.95,2428076,APD
16-09-2020,128.73,132.28,128.35,131.48,3398972,APD
17-09-2020,131.99,133.02,130.22,130.92,2301250,APD
18-09-2020,131.72,137.45,131.06,133.04,4749351,APD
19-09-2020,133.69,135.96,133.37,134.5,6640362,APD
22-09-2020,134.5,134.7,133.76,134.2,1918544,APD
23-09-2020,134.2,134.42,133.35,133.41,2038624,APD
24-09-2020,133.8,136,133.31,135.68,1776101,APD
25-09-2020,134.85,135.12,132.7904,133.02,1805861,APD
26-09-2020,133,135.28,133,134.77,1290530,APD
29-09-2020,132.99,133.865,132.83,133.13,1140296,APD
30-09-2020,133.11,133.3,130.18,130.18,1801525,APD
01-10-2020,129.44,129.71,126.2,126.48,3023845,APD
02-10-2020,126.34,128.22,124.49,127.42,2432292,APD
03-10-2020,129.07,129.5,127.68,128.56,1359912,APD
06-10-2020,128.96,128.97,127.94,128.67,1338401,APD
07-10-2020,127.85,127.97,125.66,125.85,2101243,APD
08-10-2020,125.8,126.91,123.44,126.7,2303527,APD
09-10-2020,126.5,126.62,122.16,123.31,2650398,APD
10-10-2020,122.54,123.93,121.44,122.96,2627968,APD
13-10-2020,122.66,123.34,118.79,119.03,2332976,APD
14-10-2020,119.6,122.7,118.2,121.01,2945688,APD
15-10-2020,119.24,126.86,118.24,126.27,3643015,APD
16-10-2020,125.23,129.21,124.5559,127.71,3022829,APD
17-10-2020,128.8,129.73,127.92,129.01,2040208,APD
20-10-2020,128.93,129.97,128.37,129.97,1321847,APD
21-10-2020,129.8,131.7011,129.52,130.75,2203518,APD
22-10-2020,131.39,132.46,129.48,129.6,1462948,APD
23-10-2020,130.96,131.09,129.07,129.52,1572165,APD
24-10-2020,129.5,131.99,128.89,131.5,1308634,APD
27-10-2020,130.43,130.43,127.83,128.55,2026240,APD
28-10-2020,129.12,130.2597,128.64,129.72,1539005,APD
29-10-2020,129.73,129.75,126.83,128.85,3736423,APD
30-10-2020,131,136.08,131,133.58,3141908,APD
31-10-2020,134.39,135.419,133.15,134.66,2853592,APD
03-11-2020,134.61,136.23,133.32,135.39,1684616,APD
04-11-2020,135,135.17,133.07,133.67,1935189,APD
05-11-2020,135,135.09,133.57,133.97,1479761,APD
06-11-2020,134.33,135.16,133.441,135.01,1181498,APD
07-11-2020,135.37,135.74,134.4,134.94,971616,APD
10-11-2020,135,135.14,134.26,134.9,678870,APD
11-11-2020,134.93,135.35,134.49,134.92,802533,APD
12-11-2020,135,135.35,134.495,134.79,1410460,APD
13-11-2020,134.98,135.87,134.63,135.53,820988,APD
14-11-2020,135.23,136.2,134.45,134.71,728609,APD
17-11-2020,134.85,135.89,134.5,135.81,1410976,APD
18-11-2020,136,139.24,135.79,138.9,1238663,APD
19-11-2020,139.9,142.49,139.83,142.14,1847888,APD
20-11-2020,141.25,142.79,140.98,142.68,1123546,APD
21-11-2020,143.91,145.39,143.63,145.15,1694476,APD
24-11-2020,145.15,145.62,144.26,144.75,1054388,APD
25-11-2020,144.86,146.46,144.86,145.35,1748272,APD
26-11-2020,144.88,145.29,143.87,145.21,925074,APD
28-11-2020,144.83,145,143.41,143.83,551147,APD
01-12-2020,143.63,144.56,142.97,144.09,955695,APD
02-12-2020,143.86,144.45,143.34,143.81,992195,APD
03-12-2020,143.65,145.7,143.42,145.38,942945,APD
04-12-2020,144.99,146.31,144.23,145.8,826012,APD
05-12-2020,145.93,147.53,145.82,146.73,787815,APD
08-12-2020,146.6,146.69,145.11,145.59,944242,APD
09-12-2020,144.65,145.04,143.375,144.77,919446,APD
10-12-2020,144.35,144.82,141.49,142.01,1181943,APD
11-12-2020,142.93,144.53,142.13,143.27,1160429,APD
12-12-2020,141.88,142.63,137.97,138.06,1797112,APD
15-12-2020,138.92,139.12,135.41,137.32,2000627,APD
16-12-2020,136.52,139.87,136.38,136.82,1237445,APD
17-12-2020,137.54,141.35,137.135,140.96,1568986,APD
18-12-2020,142.63,144.69,142.4,144.45,2255844,APD
19-12-2020,144.99,148.74,144.45,147.04,2286104,APD
22-12-2020,147,147.86,146.52,147.83,992089,APD
23-12-2020,148.34,149.278,148.14,148.58,666324,APD
24-12-2020,148.58,149.08,148.05,148.58,272320,APD
26-12-2020,148.72,149.61,148.04,149.12,323247,APD
29-12-2020,148.72,149.3,147.76,148.34,532909,APD
30-12-2020,146.93,147.9295,146.18,146.44,649601,APD
31-12-2020,145.68,146.85,144.115,144.23,1037281,APD
02-01-2021,143.39,145.84,142.88,145.43,1347373,APD
05-01-2021,144.36,144.36,139.72,140.78,1764222,APD
06-01-2021,141.49,142.75,139.71,140.73,1188269,APD
07-01-2021,141.83,142.65,140.73,142.25,677102,APD
08-01-2021,142.9,145.9,142.9,145.54,998517,APD
09-01-2021,145.88,145.88,143.2,143.36,743248,APD
12-01-2021,143.25,143.34,141.53,142.37,530427,APD
13-01-2021,143.27,144.285,140.1,141.62,691361,APD
14-01-2021,139.49,140.22,137.62,139.93,1023910,APD
15-01-2021,141.34,142.05,139.1,139.46,921237,APD
16-01-2021,139.5,140.4,137.07,139.71,1464001,APD
20-01-2021,140.97,141.72,138.98,141.38,968991,APD
21-01-2021,141.33,143.66,140.63,143.1,747115,APD
22-01-2021,143.79,144.46,141.63,144.32,883436,APD
23-01-2021,144,144.08,142.21,143.46,848611,APD
26-01-2021,143.06,143.55,141.68,143.08,1218343,APD
27-01-2021,141.56,143.17,140.49,141.85,1240451,APD
28-01-2021,142.25,142.9,138.39,138.83,1854137,APD
29-01-2021,143,148.05,143,146.99,3451223,APD
30-01-2021,145.65,149,145,145.61,2650289,APD
02-02-2021,144.37,148.16,141.88,147.68,1360130,APD
03-02-2021,148.49,149.15,146.56,148.41,1313913,APD
04-02-2021,148.06,149.5,147.23,148.42,988181,APD
05-02-2021,149.28,151.57,148.95,151.52,1207796,APD
06-02-2021,151.27,151.78,149.77,150.32,748607,APD
09-02-2021,150.2,151.095,149.34,149.77,864493,APD
10-02-2021,150.02,150.86,148.65,150.29,915605,APD
11-02-2021,149.89,150.54,148.74,150.01,756028,APD
12-02-2021,150.98,152.57,150.115,152.22,1440213,APD
13-02-2021,152.06,153.58,151.79,152.81,727941,APD
17-02-2021,152.52,154.19,152.2,153.46,827312,APD
18-02-2021,153.46,154.03,152.6,153.87,715628,APD
19-02-2021,154.5,157.11,154.05,156.08,960536,APD
20-02-2021,155.81,157.73,154.61,157.66,898430,APD
23-02-2021,156.82,157.36,155.84,156.1,830199,APD
24-02-2021,156.44,157.54,155.95,156.98,741085,APD
25-02-2021,156.98,157.64,156.81,157.05,450771,APD
26-02-2021,156.74,157.28,155.85,156.63,514254,APD
27-02-2021,156.78,156.87,155.95,156.14,648685,APD
02-03-2021,156.25,158.2,156,158.13,882978,APD
03-03-2021,157.84,158.2,155.86,156.06,686408,APD
04-03-2021,155.9,156.7,154.43,154.74,1122486,APD
05-03-2021,154.8,155.06,154.195,154.86,611234,APD
06-03-2021,153.75,154.21,152.305,152.61,993856,APD
09-03-2021,153.27,154.25,152.97,153.89,591439,APD
10-03-2021,152.46,152.75,151.28,152.1,966726,APD
11-03-2021,152.65,152.79,151.29,151.3,798900,APD
12-03-2021,152.12,153.47,152,153.29,731497,APD
13-03-2021,152.69,153.135,151.12,152,678401,APD
16-03-2021,152.9,153.44,151.95,152.63,653563,APD
17-03-2021,152.31,153.24,151.38,152.64,790839,APD
18-03-2021,151.76,155.79,150.35,154.68,1189206,APD
19-03-2021,153.77,154.03,151.58,152.24,779084,APD
20-03-2021,151.95,153.65,150.95,152.71,1866472,APD
23-03-2021,152.71,153.2,151.89,151.89,814439,APD
24-03-2021,152,152.8,151.64,152.18,632279,APD
25-03-2021,152.31,153.62,150.63,150.66,831825,APD
26-03-2021,149.92,151.96,148.91,151.16,843147,APD
27-03-2021,151.29,153.17,150.36,152.75,1061846,APD
30-03-2021,154.01,154.551,153.01,153.8,1598928,APD
31-03-2021,153.23,154.11,151.16,151.28,1620571,APD
01-04-2021,150.89,151.82,149.335,150.09,1410322,APD
02-04-2021,149.83,151.72,149.605,151.04,588988,APD
06-04-2021,151.07,152.53,150.62,152.09,875125,APD
07-04-2021,151.71,153.44,151.12,151.18,662760,APD
08-04-2021,151.43,152.23,150.22,150.97,641138,APD
09-04-2021,150.97,152.2,150.52,152.05,541482,APD
10-04-2021,152.24,152.51,150.99,151.92,509927,APD
13-04-2021,151.56,152.5,150.54,150.58,815647,APD
14-04-2021,151.02,152.4,150.51,151.84,956141,APD
15-04-2021,152.36,153.93,151.96,152.35,809943,APD
16-04-2021,152,152,150.75,151.59,621495,APD
17-04-2021,150.75,151.39,148.63,149.85,982790,APD
20-04-2021,150.5,151.59,149.86,151.37,662033,APD
21-04-2021,152,152.39,151.07,151.93,676697,APD
22-04-2021,151.81,152.12,150.36,151.47,539804,APD
23-04-2021,151.22,151.49,150.03,150.6,618774,APD
24-04-2021,150.66,151.08,149.37,150.06,1072680,APD
27-04-2021,149.95,152.18,148.69,151.06,2014973,APD
28-04-2021,150.85,153.58,149.81,152.96,2479971,APD
29-04-2021,151.82,152.99,151.37,151.87,1391047,APD
30-04-2021,153.35,153.35,142.27,143.43,4796493,APD
01-05-2021,143.75,147.9,143.51,146.6,1949072,APD
04-05-2021,147.93,149.08,147.11,147.58,1122401,APD
05-05-2021,148.19,148.99,144.96,145.41,1018890,APD
06-05-2021,146.39,147.13,144.7101,145.55,731205,APD
07-05-2021,145.28,146.57,144.39,146.19,790516,APD
08-05-2021,147.87,149.02,147.59,147.97,920947,APD
11-05-2021,147.39,148.2799,145.96,146.01,909170,APD
12-05-2021,144.95,145.73,144.15,144.48,763394,APD
13-05-2021,144.66,146.05,143.625,144.95,1912978,APD
14-05-2021,146,147.73,144.83,147.62,996111,APD
15-05-2021,147.95,148.96,147.18,148.48,909009,APD
18-05-2021,148.41,148.59,147.355,147.93,527017,APD
19-05-2021,147.98,149.37,147.15,147.51,760600,APD
20-05-2021,147.72,148.01,146.81,147.12,640723,APD
21-05-2021,146.71,148.41,146.59,147.99,609236,APD
22-05-2021,147.52,148.07,146.37,146.77,749916,APD
26-05-2021,146.03,146.42,145.301,146.04,669623,APD
27-05-2021,146,148.05,145.55,147.54,617810,APD
28-05-2021,146.97,148.31,146.85,148.2,521291,APD
29-05-2021,147.85,148.41,146.41,146.76,1066799,APD
01-06-2021,147.65,148.1,146.29,147.45,660436,APD
02-06-2021,147.14,148.75,146.27,148.15,1002062,APD
03-06-2021,148.14,149.09,148.01,148.34,1194665,APD
04-06-2021,145.07,147.21,144.665,145.93,1407328,APD
05-06-2021,145.35,145.97,144.59,145.58,847256,APD
08-06-2021,145.46,145.77,144.52,144.54,567794,APD
09-06-2021,145.12,145.58,143.66,144.43,925770,APD
10-06-2021,145.47,146.35,144.94,145.94,659165,APD
11-06-2021,146.15,147.49,145.98,146.2,654955,APD
12-06-2021,145.68,146.3999,144.7,144.95,606477,APD
15-06-2021,144.16,145.17,143.14,144.13,779067,APD
16-06-2021,144.2,146.11,144.2,145.71,646912,APD
17-06-2021,146.24,146.77,145.22,146.17,755910,APD
18-06-2021,146.9,147.71,146.61,146.94,896139,APD
19-06-2021,146.56,147.11,145.08,145.17,841871,APD
22-06-2021,145.96,146.6,145.13,145.85,897073,APD
23-06-2021,145.79,146.58,144.6101,144.87,1015753,APD
24-06-2021,144.3,144.355,142.94,143.72,866933,APD
25-06-2021,144.45,144.79,142.18,142.83,857594,APD
26-06-2021,143.16,143.61,141.48,142.08,2587659,APD
29-06-2021,140.61,141.1,136.9,137.13,1752942,APD
30-06-2021,137.87,138.43,136.69,136.83,1190757,APD
01-07-2021,137.04,138.68,137.04,138.52,1166838,APD
02-07-2021,139.21,139.39,136.17,137.38,1360917,APD
06-07-2021,136.12,137.18,135.5,136.11,861376,APD
07-07-2021,136.18,137.26,134.92,136.92,1134492,APD
08-07-2021,135.47,136.03,132.94,132.99,1549909,APD
09-07-2021,134.59,135.31,132.22,132.26,1638740,APD
10-07-2021,134.02,136.29,132.26,135.93,1034209,APD
13-07-2021,137.05,137.49,136.09,136.49,720584,APD
14-07-2021,136.36,137.84,136.23,137.19,773600,APD
15-07-2021,136.98,138.43,136.52,137.5,1130613,APD
16-07-2021,137.82,138.13,136.34,137.07,2510022,APD
17-07-2021,137.07,137.08,135.46,136.21,670432,APD
20-07-2021,136.08,136.16,135.05,135.24,728313,APD
21-07-2021,135.46,135.65,132.71,133.44,897008,APD
22-07-2021,133.24,134.0699,132.62,132.8,1576386,APD
23-07-2021,132.97,132.97,131.2175,132.71,1951529,APD
24-07-2021,132.38,132.71,129.44,130.06,1541621,APD
27-07-2021,129.01,129.67,128.39,128.82,1615574,APD
28-07-2021,129.51,133.79,128.51,132.82,1862346,APD
29-07-2021,132.5,134.6,131.62,134.14,1712796,APD
30-07-2021,142.5,144,140.5,142.34,3569654,APD
31-07-2021,143.23,144.11,141.43,142.51,2348905,APD
03-08-2021,142.18,147.29,141.91,145.88,2816339,APD
04-08-2021,146.2,147.76,145.69,146.09,1199626,APD
05-08-2021,147.75,148.56,145.36,147.45,1331173,APD
06-08-2021,147.47,148.35,146.51,147.02,2335817,APD
07-08-2021,146.69,147.62,145.53,146.19,1728882,APD
10-08-2021,147.63,148.36,147.09,148.35,1004350,APD
11-08-2021,146.74,147.13,145.42,146.7,1163687,APD
12-08-2021,145.95,146.185,143.63,145.38,1716343,APD
13-08-2021,144.94,146.43,144.5,145.74,773564,APD
14-08-2021,146,147.08,145.63,146.74,506665,APD
17-08-2021,146.68,147.15,145.83,146.76,421342,APD
18-08-2021,146.39,146.9,145.71,146.03,849568,APD
19-08-2021,145.29,145.71,144.2642,144.65,1001524,APD
20-08-2021,143.44,144.155,140.275,140.38,1348316,APD
21-08-2021,139.55,139.82,136.94,137.49,1769934,APD
24-08-2021,130.01,136.605,125,132.32,2526679,APD
25-08-2021,137.17,138.1,134.67,134.81,2643597,APD
26-08-2021,137.93,138.7125,134.53,137.79,1598133,APD
27-08-2021,139.21,141.37,137.59,140.65,1195438,APD
28-08-2021,139.71,141.39,139.02,140.67,1024760,APD
31-08-2021,139.52,140.42,138.23,139.53,661475,APD
01-09-2021,136.68,137.53,135.02,135.92,1218606,APD
02-09-2021,136.72,138.95,136.32,138.95,1340070,APD
03-09-2021,139.78,140.78,139.06,139.6,880000,APD
04-09-2021,137.44,138.07,135.52,135.9,992967,APD
08-09-2021,137.77,139.385,137.26,139.25,930874,APD
09-09-2021,140.37,140.87,137.02,137.22,1187409,APD
10-09-2021,135.36,138.14,135.36,136.51,2101916,APD
11-09-2021,135.69,136.745,135.05,136.42,1408660,APD
14-09-2021,136.56,136.56,135.21,135.48,791228,APD
15-09-2021,136.13,136.13,134.7,135.62,936471,APD
16-09-2021,135.6,138.8,135.41,138.68,1095848,APD
17-09-2021,139.26,141.5,137.57,139.03,2203170,APD
18-09-2021,136.83,137.55,134.4,134.6,1719285,APD
21-09-2021,135.33,136.12,133.86,134.87,1059194,APD
22-09-2021,133.72,133.8,131.43,132.62,1637984,APD
23-09-2021,132.65,132.95,130.24,130.48,1074562,APD
24-09-2021,129.19,130.02,127.23,129.46,1293329,APD
25-09-2021,130.54,130.68,126.995,127.63,1715700,APD
28-09-2021,126.64,126.805,124.51,125.25,1476375,APD
29-09-2021,124.42,126.12,123.66,125.82,1493928,APD
30-09-2021,127.28,128.22,125.99,127.58,1717175,APD
01-10-2021,127.63,129.45,126.65,129.27,2256031,APD
02-10-2021,127.95,130.55,126.82,130.52,1736475,APD
05-10-2021,131.93,132.99,131.408,132.92,1951637,APD
06-10-2021,132.84,133.955,132.51,132.79,927703,APD
07-10-2021,133.17,134.4,131.95,134.17,1438609,APD
08-10-2021,135.53,138.2,134.44,137.91,1548106,APD
09-10-2021,138.38,140.64,137.65,139.95,1631627,APD
12-10-2021,139.66,140.12,138.01,138.81,610367,APD
13-10-2021,137.65,139.35,136.78,138.29,1498050,APD
14-10-2021,138.23,139.06,137.68,138.53,613599,APD
15-10-2021,139.46,140,138.28,139.76,812981,APD
16-10-2021,140.5,140.68,137.98,138.86,732294,APD
19-10-2021,138.1,138.77,137.4,138.03,453952,APD
20-10-2021,137.97,138.77,137.23,137.35,843335,APD
21-10-2021,137.86,138.11,132.78,135.54,2025136,APD
22-10-2021,136.55,137.93,135.94,137.83,1504395,APD
23-10-2021,139.56,140.9,138.05,139.99,1603225,APD
26-10-2021,139.97,140.41,139.55,139.77,876739,APD
27-10-2021,138.74,139.67,138.56,139.23,1036519,APD
28-10-2021,139.23,142.14,138.92,142.13,1440430,APD
29-10-2021,137.52,142.28,135.75,137.36,2567909,APD
30-10-2021,137.93,140.27,137.93,138.98,1795180,APD
02-11-2021,138.87,139.99,138.27,138.56,1256515,APD
03-11-2021,138.25,139.71,137.705,138.71,754621,APD
04-11-2021,139.9,140,137.82,138.19,891620,APD
05-11-2021,137.78,138.6399,135.51,137.3,1272015,APD
06-11-2021,136.2,138.66,136,138.62,899631,APD
09-11-2021,138.1,138.435,135.21,136.33,964007,APD
10-11-2021,136,136.95,134.91,136.72,827993,APD
11-11-2021,137.33,137.33,135.93,136.8,624435,APD
12-11-2021,135.38,136,134.75,135.3,1112743,APD
13-11-2021,135.45,138.69,134.18,137.38,1565859,APD
16-11-2021,137.37,140.43,137.26,140.35,1387268,APD
17-11-2021,140.11,143.83,139.07,139.47,2611508,APD
18-11-2021,139.58,140.035,136.87,139.43,1315801,APD
19-11-2021,139.46,140.38,138.605,139.96,966484,APD
20-11-2021,140.09,140.795,139.06,139.29,640546,APD
23-11-2021,139.61,141.33,139.61,140.18,796216,APD
24-11-2021,139.23,140.1,138.55,139.47,926103,APD
25-11-2021,139.19,140.33,138.32,138.35,821753,APD
27-11-2021,138.14,139.01,137.29,137.9,537927,APD
30-11-2021,137.85,138.485,136.86,136.89,1064002,APD
01-12-2021,136.74,138.34,135.34,138,1510897,APD
02-12-2021,137.51,139.04,136.64,138.5,3747724,APD
03-12-2021,138.96,139.47,135.32,135.77,2001735,APD
04-12-2021,136.35,138.63,136.11,138.44,1084166,APD
07-12-2021,137.64,137.75,136.12,136.81,1502148,APD
08-12-2021,135.46,136.69,132.69,132.97,1697553,APD
09-12-2021,133.46,135.39,132.381,133.85,1742706,APD
10-12-2021,133.5,134.02,132.03,132.51,2032090,APD
11-12-2021,130.36,131.02,129.11,130.48,2197833,APD
14-12-2021,130.3,130.73,128,128.96,2210549,APD
15-12-2021,130.07,131.9,129.91,131.5,1739177,APD
16-12-2021,132.71,132.79,129.52,132.21,2197022,APD
17-12-2021,132.53,132.89,129.72,130.36,2460484,APD
18-12-2021,129.5,130.02,127.8,127.85,2260270,APD
21-12-2021,129.32,130.13,128.18,129.95,1945896,APD
22-12-2021,130.57,132.06,130.15,131.55,896003,APD
23-12-2021,132.63,133.36,132.02,133.18,573238,APD
24-12-2021,132.91,133.87,132.7001,133.19,338920,APD
28-12-2021,132.52,132.97,132.03,132.6,635068,APD
29-12-2021,133.7,134.73,132.41,133.2,659329,APD
30-12-2021,132.09,133.13,131.8806,132.26,805635,APD
31-12-2021,131.45,132.13,129.97,130.11,847715,APD
04-01-2022,128.21,129.28,127.065,129.19,1320341,APD
05-01-2022,128.47,129.27,125.905,126.88,1355748,APD
06-01-2022,124.86,125.08,122.85,123.79,1490026,APD
07-01-2022,121.27,122.73,119.18,119.64,3944829,APD
08-01-2022,120.3,120.89,118.83,119.02,2577240,APD
11-01-2022,121.13,121.25,118.64,119.49,2274969,APD
12-01-2022,120.69,121.27,119.46,121.21,2381556,APD
13-01-2022,121.93,122.35,118.385,118.55,1340900,APD
14-01-2022,119.24,119.59,115.64,118.38,3200747,APD
15-01-2022,115.66,118.14,114.86,117.82,2324398,APD
19-01-2022,118.79,120.14,117.33,119.59,1794149,APD
20-01-2022,117.6,118.61,114.64,117.56,1735095,APD
21-01-2022,118.18,118.92,116.38,117.17,1209246,APD
22-01-2022,119.1,120.6925,117.93,118.97,1036208,APD
25-01-2022,118.91,119.2,116.15,116.31,1109015,APD
26-01-2022,117.29,119.58,116.45,118.41,1212713,APD
27-01-2022,118.12,120.4895,117.52,118.07,1516883,APD
28-01-2022,118.73,120.44,118.07,119.01,1828640,APD
29-01-2022,122.29,126.78,121.31,126.71,3277071,APD
01-02-2022,125.44,131.68,125.015,131.26,3288288,APD
02-02-2022,131.06,132.34,129.04,130.81,3684997,APD
03-02-2022,132.79,133.89,130.83,133.38,2952102,APD
04-02-2022,133.29,137,132.96,136.16,3232987,APD
05-02-2022,136.16,136.91,134.96,135.6,2063716,APD
08-02-2022,134.01,134.17,128.79,130.75,2566185,APD
09-02-2022,129.28,133.46,128.82,132.46,1657425,APD
10-02-2022,132.85,134.5,130.12,130.45,1388191,APD
11-02-2022,128.56,130,126.1059,127.21,2109805,APD
12-02-2022,128.81,130.96,127.27,130.35,1109656,APD
16-02-2022,131.94,131.985,129.69,131.35,920688,APD
17-02-2022,132.69,133.16,131.27,132.51,1185663,APD
18-02-2022,132.39,132.955,130.58,131.17,1078338,APD
19-02-2022,130.7,131.9,128.88,131.53,1166096,APD
22-02-2022,132.87,133.91,132.28,132.92,895731,APD
23-02-2022,132.05,132.61,130.5701,131.21,975552,APD
24-02-2022,128.79,131.73,126.38,131.55,747933,APD
25-02-2022,132.1,133,130.45,132.99,633241,APD
26-02-2022,133.66,134.47,133.01,133.64,825957,APD
29-02-2022,133.43,134.76,132.41,132.47,1835945,APD
01-03-2022,133.78,135.23,131.91,134.39,1309975,APD
02-03-2022,133.41,134.98,132.6499,134.22,932455,APD
03-03-2022,134.51,135.95,134.005,134.88,1090927,APD
04-03-2022,135.67,136.24,133.58,134.79,1233622,APD
07-03-2022,134.69,136,133.78,135,897459,APD
08-03-2022,133.92,135.085,131.94,134.22,13887984,APD
09-03-2022,135.11,135.5,133.69,134.68,9906817,APD
10-03-2022,135.47,136.09,133.02,134.6,4220162,APD
11-03-2022,135.98,137.78,135,136.47,1283507,APD
14-03-2022,135.98,136.67,135.26,136.25,2628843,APD
15-03-2022,135.07,135.48,133.63,134.05,1712846,APD
16-03-2022,133.29,136.45,133.16,136.06,1554543,APD
17-03-2022,137.1,141.4,136.2,140.96,2250006,APD
18-03-2022,141.1,142.74,140.31,141.59,2901338,APD
21-03-2022,141.26,141.86,139.73,140.69,1903284,APD
22-03-2022,140,143.89,139.74,143.07,2740732,APD
23-03-2022,142.46,143.93,141.53,143.93,2508672,APD
24-03-2022,144.04,144.36,141.32,141.76,1161195,APD
28-03-2022,142.36,143.64,141.9581,143.13,1723509,APD
29-03-2022,142.25,145.97,141.53,145.04,1984234,APD
30-03-2022,145,147.16,144.37,145.25,1350311,APD
31-03-2022,145.13,145.68,143.32,144.05,1233976,APD
01-04-2022,143.5,145.54,141.9,145.31,1333227,APD
04-04-2022,143.73,144.08,142,142.7,1530084,APD
05-04-2022,142,143.39,141.52,142.7,940681,APD
06-04-2022,142.38,143.72,141.6501,143.69,722192,APD
07-04-2022,143.1,143.2,141.56,141.85,730680,APD
08-04-2022,143.4,143.94,142.08,142.52,513968,APD
11-04-2022,143.47,144.36,143.13,143.36,936118,APD
12-04-2022,143.78,144.84,142.84,144.23,612688,APD
13-04-2022,144.97,145.21,143.65,144.4,872188,APD
14-04-2022,144.93,145.18,144.19,145.08,1019992,APD
15-04-2022,145.13,145.21,144.245,145.03,682114,APD
18-04-2022,144.66,146.52,144.13,146.47,683734,APD
19-04-2022,147.44,149.2,146.64,149.2,1089075,APD
20-04-2022,149.33,149.33,148.2,148.83,917182,APD
21-04-2022,148.77,149.43,147.92,148.32,666307,APD
22-04-2022,149.05,149.5,147.56,148.12,718794,APD
25-04-2022,147.3,148.03,146.67,147.96,863191,APD
26-04-2022,148.2,148.73,146.99,147.49,941637,APD
27-04-2022,147.59,148.785,146.02,148.31,1373623,APD
28-04-2022,147.81,152.16,146.87,148.54,2074232,APD
29-04-2022,147.59,148.65,145.44,145.89,1647343,APD
02-05-2022,144.82,147.08,144.82,145.87,1360002,APD
03-05-2022,144.21,145.01,141.99,143.14,3726344,APD
04-05-2022,142.38,143.24,142.03,142.85,1905750,APD
05-05-2022,143.54,144.38,142.72,143.25,1290617,APD
06-05-2022,143.67,145.64,143,144.57,1527882,APD
09-05-2022,144.06,144.99,142.31,142.61,868106,APD
10-05-2022,143.16,144.38,142.33,144.32,915850,APD
11-05-2022,144.27,144.71,142.34,142.42,706241,APD
12-05-2022,144.2,144.45,142.65,143.34,1015564,APD
13-05-2022,143,143.65,141.21,141.83,675681,APD
16-05-2022,141.99,143.93,141.88,143.55,835810,APD
17-05-2022,143.5,144.28,142.22,142.88,1629544,APD
18-05-2022,142,143.59,141.12,141.7,677688,APD
19-05-2022,141.74,142.63,140.4901,141.7,664491,APD
20-05-2022,142.54,142.86,141.09,141.44,622364,APD
23-05-2022,141.74,142.44,141.56,141.67,831731,APD
24-05-2022,141.92,143.58,141.57,143.3,603573,APD
25-05-2022,143.84,144.78,143.49,143.68,670915,APD
26-05-2022,144,144.2399,143.015,143.07,439941,APD
27-05-2022,143.11,143.53,142.85,143.06,439351,APD
31-05-2022,143.68,143.68,142.27,142.64,684900,APD
01-06-2022,142.16,144.155,141.25,144,821721,APD
02-06-2022,143.44,143.5,142.28,143.5,672138,APD
03-06-2022,143.39,143.5,142.27,143.25,508138,APD
06-06-2022,143.87,145.88,143.87,145.56,722862,APD
07-06-2022,145.4,145.94,145.02,145.25,890625,APD
08-06-2022,145.75,147.2,145.01,146.89,800153,APD
09-06-2022,145.87,146.85,145.1,146.6,585547,APD
10-06-2022,145.8,146.59,145.06,146.39,714804,APD
13-06-2022,145.93,146.36,143.9,144.03,828434,APD
14-06-2022,143.96,144.42,142.85,143.9,884403,APD
15-06-2022,144.76,145.76,143.53,143.65,775699,APD
16-06-2022,143.15,144.52,141.37,144.36,692011,APD
17-06-2022,144.52,144.52,142.7,143.31,1093698,APD
20-06-2022,144.8,146.07,143.87,144.04,1245737,APD
21-06-2022,144.26,144.46,142.54,143.15,1111744,APD
22-06-2022,143.61,143.7799,142.85,143.5,960616,APD
23-06-2022,145.08,146.22,145.01,146.02,1236923,APD
24-06-2022,141.02,142.73,139.27,140.12,1907341,APD
27-06-2022,138.95,139.14,134.15,134.82,1492098,APD
28-06-2022,136.09,136.8,134.34,136.73,1475286,APD
29-06-2022,136.79,139.59,136.18,139.26,1421608,APD
30-06-2022,139.58,142.09,138.83,142.04,1512680,APD
01-07-2022,141.61,142.69,140.57,140.94,1095442,APD
05-07-2022,140.02,140.64,137.88,138.49,899287,APD
06-07-2022,138.38,139.49,137.3101,139.36,845429,APD
07-07-2022,139.86,140.44,138.96,139.67,667947,APD
08-07-2022,140.97,144.72,140.4,144.35,1462063,APD
11-07-2022,145.47,145.56,143.51,144.86,1035764,APD
12-07-2022,145.53,147.88,145.33,147.7,2175952,APD
13-07-2022,147.96,148,146.72,147.92,790874,APD
14-07-2022,148.43,149.65,148.045,148.9,1066154,APD
15-07-2022,149.4,149.69,148.44,149.35,812268,APD
18-07-2022,149.36,149.68,148.65,149.19,953840,APD
19-07-2022,148.61,149.42,148.26,149.38,812521,APD
20-07-2022,149.23,150,149,149.35,613256,APD
21-07-2022,149.5,149.5,147.82,148.3,467141,APD
22-07-2022,148.49,148.88,147.81,148.63,360998,APD
25-07-2022,148.44,148.8,147.78,148.52,621767,APD
26-07-2022,149,150.55,148.2,149.85,1264538,APD
27-07-2022,149.95,150.08,148.64,149.01,1128178,APD
28-07-2022,151.49,152.69,148.48,148.99,1513414,APD
29-07-2022,148.81,150.75,148.27,149.42,1499568,APD
01-08-2022,147.75,149.36,147.12,149.15,964339,APD
02-08-2022,149.02,149.15,147.54,148.23,622719,APD
03-08-2022,148.75,148.75,147.79,148.21,858510,APD
04-08-2022,148.17,149.53,147.565,149,822889,APD
05-08-2022,149.49,150,148.72,149.21,934226,APD
08-08-2022,149.7,149.7,148.35,148.76,628744,APD
09-08-2022,148.84,149.28,148.49,149.1,700016,APD
10-08-2022,149.25,149.25,148.55,149.03,528673,APD
11-08-2022,149.59,149.87,148.65,149.05,616390,APD
12-08-2022,150,152.08,149.4,149.84,1301518,APD
15-08-2022,150.17,151.73,150.01,151.52,735961,APD
16-08-2022,152.66,154.91,152.51,152.77,1885716,APD
17-08-2022,152.85,154.05,151.61,153.72,1073480,APD
18-08-2022,153.7,155,153.39,154.97,996676,APD
19-08-2022,154.15,155.94,153.69,155.68,981993,APD
22-08-2022,155.14,155.91,154.7001,155.48,574662,APD
23-08-2022,156,156.85,155.38,155.43,805406,APD
24-08-2022,155.19,155.79,154.73,155.21,878737,APD
25-08-2022,155.09,156.16,155.09,155.73,801220,APD
26-08-2022,155.81,156,153.57,154.25,1097017,APD
29-08-2022,154.57,157.51,154.57,155.89,866017,APD
30-08-2022,155.74,157.2399,155.305,156.65,1137387,APD
31-08-2022,156.07,156.74,155.34,155.62,1035889,APD
01-09-2022,156.13,156.55,155.55,156.3,1303986,APD
02-09-2022,157,157.36,156.33,157.09,1058143,APD
06-09-2022,157.36,157.84,156.37,157.4,1177441,APD
07-09-2022,156.72,157.62,156.34,157.4,702639,APD
08-09-2022,157.44,157.69,155.82,155.89,1191010,APD
09-09-2022,155.07,155.07,151.51,151.53,2265919,APD
12-09-2022,150.92,152.68,149.25,150.58,8369457,APD
13-09-2022,149.83,150.59,146.28,147.71,3540865,APD
14-09-2022,147.72,148.6,145.51,146.82,2865988,APD
15-09-2022,146.55,147.07,146.03,146.58,2955201,APD
16-09-2022,145.74,146.56,144.88,145.8,5399455,APD
19-09-2022,146.67,147.81,146.5,146.8,1277179,APD
20-09-2022,147.78,148.3,146.99,147.07,1071823,APD
21-09-2022,147.46,148.94,147.245,148.74,1065889,APD
22-09-2022,150.13,150.555,147.8,148.15,1241692,APD
23-09-2022,147.38,148.11,147.13,147.46,865081,APD
26-09-2022,147.41,148.88,147,148.35,1182126,APD
27-09-2022,148.4,149.45,148.06,148.84,1270273,APD
28-09-2022,149.33,150.23,148.795,149.78,1337003,APD
29-09-2022,149.77,151.6,149.7,150.51,2038059,APD
30-09-2022,151.36,151.87,149.89,150.34,2169307,APD
03-10-2022,139.84,141.02,138.85,140.57,3017896,APD
04-10-2022,140.68,141.07,136.99,137.32,2203234,APD
05-10-2022,137.32,138.14,136.54,136.98,1701510,APD
06-10-2022,135.99,137.1499,135.9,137.03,1182779,APD
07-10-2022,137.23,137.23,133.74,135.08,1886771,APD
10-10-2022,135.94,135.94,135.07,135.4,1871815,APD
11-10-2022,135.01,135.03,131.73,132.65,1932760,APD
12-10-2022,132.27,133.15,131.99,132.81,1188309,APD
13-10-2022,131.34,132.56,129.9,132.26,1484309,APD
14-10-2022,133.27,133.27,132,132.65,1193732,APD
17-10-2022,132.65,133.23,132.18,132.28,797368,APD
18-10-2022,133.91,134.52,133.46,133.82,905225,APD
19-10-2022,134.23,134.38,133.22,133.91,850674,APD
20-10-2022,133.68,134.77,133.21,134.39,1184385,APD
21-10-2022,133.35,134.639,132.77,134.44,999713,APD
24-10-2022,135.08,136.07,134.445,134.81,884279,APD
25-10-2022,135.39,135.39,133.48,133.51,1510101,APD
26-10-2022,132.78,133.05,131.75,132.98,2757583,APD
27-10-2022,133.5,135.05,129,133.4,3603220,APD
28-10-2022,133.4,135.14,132.67,133.81,2100565,APD
31-10-2022,134.26,134.49,133.38,133.42,1625456,APD
01-11-2022,133.74,134.51,131.12,132.26,1695641,APD
02-11-2022,132.33,133.87,131.8,133.55,2102455,APD
03-11-2022,134,134.72,133.05,133.09,1375749,APD
04-11-2022,132.99,134.06,132.07,133.37,1147165,APD
07-11-2022,135.35,137.255,134.84,137.08,2233461,APD
08-11-2022,136.88,137.88,136.38,136.93,1505562,APD
09-11-2022,134.98,137.92,134.18,137.22,2378310,APD
10-11-2022,138.11,141,137.885,139.98,2003305,APD
11-11-2022,140.08,141.14,138.16,138.54,1642328,APD
14-11-2022,138.55,139.185,137.88,137.98,1304256,APD
15-11-2022,137.79,138.35,136.86,138.14,856140,APD
16-11-2022,138.08,138.79,137.4301,138.74,1052870,APD
17-11-2022,138.93,139.34,137.885,138,1158364,APD
18-11-2022,138,138.53,137.6,137.96,1559209,APD
21-11-2022,142.8,142.8,139.01,139.74,1232414,APD
22-11-2022,140.24,140.88,138.78,139.71,1372498,APD
23-11-2022,139.37,140.79,139.37,140.75,672406,APD
25-11-2022,141,141.54,140.72,141.54,283551,APD
28-11-2022,141.43,142.39,140.76,141.78,1447687,APD
29-11-2022,140.97,144.17,140.53,143.47,2055316,APD
30-11-2022,143.65,145.26,142.9,144.46,2697948,APD
01-12-2022,144.42,145.37,143.79,144.07,1355741,APD
02-12-2022,144,145.06,143.4501,144.55,1301682,APD
05-12-2022,146.21,147.85,145.76,147.33,1783653,APD
06-12-2022,147.19,147.5,146.02,146.57,866225,APD
07-12-2022,146.81,148.59,145.89,148.54,1159406,APD
08-12-2022,148.61,149.15,148.09,149.06,836698,APD
09-12-2022,148.84,149.7,147.97,149.55,669851,APD
12-12-2022,149.86,150.39,148.97,149.64,803149,APD
13-12-2022,150.03,150.45,148.27,149.12,1025372,APD
14-12-2022,148.98,149.8299,147.11,148.18,1526212,APD
15-12-2022,147.86,149.4,147.45,149.09,1069812,APD
16-12-2022,149.27,149.52,147.26,147.43,2204710,APD
19-12-2022,147.35,148,146.89,147.72,761595,APD
20-12-2022,147.9,149.81,147.05,147.5,1794518,APD
21-12-2022,148.32,148.51,147.0052,147.35,970440,APD
22-12-2022,147.11,147.96,145.69,146.09,1091279,APD
23-12-2022,146.03,146.595,145.64,146.48,587546,APD
27-12-2022,146.62,147.5575,146.62,147.38,1029608,APD
28-12-2022,147.67,147.67,145.02,145.12,629957,APD
29-12-2022,144.45,145.05,144.17,144.37,479257,APD
30-12-2022,144.53,144.82,143.23,143.82,726143,APD
03-01-2023,143.56,144.73,142.84,143.4,1402312,APD
04-01-2023,144.04,144.84,143.69,144.65,2012158,APD
05-01-2023,144.38,144.42,142.84,143.22,1260356,APD
06-01-2023,143.24,144.8,142.9501,144.36,1745864,APD
09-01-2023,144.3,147.59,144.29,146.31,2370426,APD
10-01-2023,146.49,146.89,145.21,145.26,1038828,APD
11-01-2023,144.79,146.1,144.79,146.01,1000811,APD
12-01-2023,145.96,145.96,144.2,145.84,654088,APD
13-01-2023,145.7,146.08,145.05,145.35,996479,APD
17-01-2023,145.07,145.84,144.67,145.34,1269093,APD
18-01-2023,145.56,146.35,144.56,146.33,1147937,APD
19-01-2023,146.36,146.64,145.17,145.47,1239438,APD
20-01-2023,145.7,146.78,145.59,146.62,1149990,APD
23-01-2023,146.39,146.88,144.77,146.07,1268383,APD
24-01-2023,146.55,147.405,146.26,147.13,2016408,APD
25-01-2023,147.5,148.725,147.15,148.53,1597841,APD
26-01-2023,148.24,149.46,147.68,148.81,1856079,APD
27-01-2023,140,142.47,137.05,142.01,5469500,APD
30-01-2023,140.1,141.83,139.91,140.99,2724918,APD
31-01-2023,140.99,141.22,139.14,139.76,2483750,APD
01-02-2023,139.32,140.2376,138,138.68,1652320,APD
02-02-2023,138.68,139.855,137.46,139.28,1438480,APD
03-02-2023,139.77,140.29,139.15,140.16,1300235,APD
06-02-2023,140,140.27,138.64,139.05,808555,APD
07-02-2023,139.09,139.49,137.88,138.8,1466876,APD
08-02-2023,138.18,138.805,137.72,138.59,1648993,APD
09-02-2023,138.58,139.46,138.22,138.54,1298011,APD
10-02-2023,138.9,140.44,138.54,140.13,2273358,APD
13-02-2023,140.75,141.25,139.85,140.5,1670534,APD
14-02-2023,140.4,142.26,139.75,142.13,2001527,APD
15-02-2023,141.67,142.99,141.19,142.38,1429025,APD
16-02-2023,142.57,143.12,141.06,141.87,860870,APD
17-02-2023,141.97,142.14,141.1,141.5,717369,APD
21-02-2023,140.98,141.8,140.83,141.47,1148242,APD
22-02-2023,140.77,141.37,140.28,140.34,993314,APD
23-02-2023,140.97,141.21,139.32,140.36,1434154,APD
24-02-2023,140.07,141.01,139.61,140.86,890325,APD
27-02-2023,140.93,141.23,139.12,139.38,1079405,APD
28-02-2023,138.93,140.7,138.8,140.47,1677831,APD
01-03-2023,142.13,144.06,141.98,143.69,1706981,APD
02-03-2023,143.41,143.41,140.41,140.57,1267454,APD
03-03-2023,140.34,140.87,139.1301,139.52,923872,APD
06-03-2023,139.02,140.11,138.66,139.31,974053,APD
07-03-2023,139.22,139.84,138.85,139.64,870704,APD
08-03-2023,139.73,140.42,139.15,139.56,1183360,APD
09-03-2023,139.6,140.51,138.03,138.58,1570783,APD
10-03-2023,139.41,139.6,138.25,138.77,1475505,APD
13-03-2023,138.9,139.29,136.93,137.82,1443125,APD
14-03-2023,137.54,137.58,135.88,136.18,1747497,APD
15-03-2023,136.89,138.43,136.17,137.99,2460553,APD
16-03-2023,138.25,138.25,137.03,137.97,1462705,APD
17-03-2023,138.56,139.61,138.49,139.53,2174015,APD
20-03-2023,139.49,139.7,138.32,138.69,1248696,APD
21-03-2023,138.69,138.95,136,136.45,1548064,APD
22-03-2023,136.37,137,135.01,136.41,841383,APD
23-03-2023,136.16,138.01,135.3,137.05,1188701,APD
24-03-2023,136.83,137.43,134.67,134.94,1313391,APD
27-03-2023,133.87,136.21,133.6301,135.92,2522688,APD
28-03-2023,135.84,137.58,135.84,137.25,1013963,APD
29-03-2023,136.76,137.3,136.23,136.78,740010,APD
30-03-2023,135.8,136.85,135.6,135.6,2069454,APD
31-03-2023,135.13,136.33,135.12,135.29,1845247,APD
03-04-2023,135.7,136.435,134.09,134.95,1624194,APD
04-04-2023,135.08,135.39,134.675,135.35,1109759,APD
05-04-2023,135.84,137.1,135.02,135.24,930793,APD
06-04-2023,135.48,135.83,135,135.19,860391,APD
07-04-2023,134.78,135.55,134.33,135.01,2908220,APD
10-04-2023,135.22,136.11,135.075,135.76,859032,APD
11-04-2023,135.79,136.4697,135.4,136.42,1003978,APD
12-04-2023,136.46,136.475,135.35,135.51,899936,APD
13-04-2023,135.33,135.58,134.17,134.3,626943,APD
17-04-2023,134.78,135.895,134.42,135.86,1092375,APD
18-04-2023,135.04,136.02,134.72,135.27,701020,APD
19-04-2023,135.73,136.0399,134.78,134.96,577819,APD
20-04-2023,135.62,137.34,135.2,136.9,985329,APD
21-04-2023,136.87,137.66,136.82,137.3,1121329,APD
24-04-2023,137.91,139.9,137.91,139.76,1006799,APD
25-04-2023,140.22,141.86,140.14,141.73,1189378,APD
26-04-2023,141.33,142.45,140.751,141.58,1511287,APD
27-04-2023,141.28,141.85,137.72,141.1,1855137,APD
28-04-2023,141,141.1899,139.35,140.5,1910933,APD
01-05-2023,141.55,142.14,140.01,142.03,1671428,APD
02-05-2023,142.5,143.58,142.01,143.52,2492276,APD
03-05-2023,143.49,144.32,143.26,143.82,1906723,APD
04-05-2023,143.91,145.58,143.9,144.76,2303220,APD
05-05-2023,145,147.655,145,147.22,2316929,APD
08-05-2023,146.82,147.39,145.93,146.19,1589901,APD
09-05-2023,146.2,146.44,144.98,145.3,943767,APD
10-05-2023,145.45,145.6,144.64,145.25,928282,APD
11-05-2023,144.99,145.0463,143.29,143.86,1065764,APD
12-05-2023,143.86,145.11,143.72,144.07,1288056,APD
15-05-2023,144.51,145.22,144.12,145.08,710562,APD
16-05-2023,142.73,145.24,142.64,144.35,2119304,APD
17-05-2023,143.7,144.345,142.54,142.57,1349839,APD
18-05-2023,142.65,143.53,141.34,142.71,1271857,APD
19-05-2023,142.99,143.96,142.56,143.1,1340076,APD
22-05-2023,143.85,143.89,142.86,143.31,820866,APD
23-05-2023,143.58,143.58,142.59,142.83,639108,APD
24-05-2023,143.28,144.92,142.88,144.14,1081478,APD
25-05-2023,144.15,144.51,143.32,144.12,781370,APD
26-05-2023,143.84,144.27,143.55,143.91,694529,APD
30-05-2023,143.65,144.3,143.34,143.97,885206,APD
31-05-2023,143.83,144.309,142.98,144.06,1493977,APD
01-06-2023,144.46,145.93,144,145.08,1085079,APD
02-06-2023,145.47,147.5,144.775,146.79,1192603,APD
05-06-2023,146.61,146.83,144.87,144.96,1291917,APD
06-06-2023,144.48,144.83,143.85,144.12,770800,APD
07-06-2023,144.58,144.68,143.175,143.36,883047,APD
08-06-2023,143.07,144.16,142.53,143.5,1065751,APD
09-06-2023,143.67,146.09,143.67,145.85,1152544,APD
12-06-2023,145.5,146.1804,144.23,144.43,1199730,APD
13-06-2023,144.42,146.32,144.045,146.27,831484,APD
14-06-2023,146.27,146.35,144.81,145.56,774621,APD
15-06-2023,144.79,146.54,144.705,145.21,2038252,APD
16-06-2023,145.66,146,144.651,145.51,1735745,APD
19-06-2023,146.37,147.38,145.82,146.15,1268565,APD
20-06-2023,145.24,145.8,144.62,144.74,801449,APD
21-06-2023,144.91,145.65,143.31,143.48,749914,APD
22-06-2023,143.32,144.53,143.195,144.25,1008193,APD
23-06-2023,144.6,145.03,143.81,144.94,4010208,APD
26-06-2023,145.03,145.54,144.58,144.91,1150890,APD
27-06-2023,145.05,145.51,143.83,143.83,796579,APD
28-06-2023,145.17,145.25,144.401,144.84,870243,APD
29-06-2023,144.19,144.46,140.78,141.77,892426,APD
30-06-2023,141.97,143.86,141.89,143.06,938130,APD
03-07-2023,143.73,144.74,143.5,144.29,411641,APD
05-07-2023,144.15,144.4881,142.45,142.61,719366,APD
06-07-2023,142.31,143.44,141.99,142.13,533625,APD
07-07-2023,142.43,144.13,142.075,144.01,708653,APD
10-07-2023,143.54,144.52,143.08,143.5,591096,APD
11-07-2023,143.62,143.72,142.19,142.77,645770,APD
12-07-2023,143.25,144.24,143.18,143.73,949426,APD
13-07-2023,143.9,144.68,143.29,144.37,1005114,APD
14-07-2023,144.66,145.78,144.355,145.57,1014030,APD
17-07-2023,145.43,146.08,145.24,145.55,1195100,APD
18-07-2023,144.59,145.5,144.59,145.24,757260,APD
19-07-2023,145.18,146.21,144.82,146.21,1478528,APD
20-07-2023,146.02,146.34,145.13,146.01,1299852,APD
21-07-2023,145.89,145.89,144.65,145.64,1226559,APD
24-07-2023,145.33,145.33,144.32,144.94,1308235,APD
25-07-2023,145.99,146.55,144.73,145.04,1284716,APD
26-07-2023,144.96,145.16,143.825,143.9,1108143,APD
27-07-2023,144.08,144.3,142.71,143.65,1243171,APD
28-07-2023,143.98,144.19,142.62,143.49,928916,APD
31-07-2023,144.18,144.2297,141.88,142.15,1828792,APD
01-08-2023,147.41,148.045,147.02,147.22,804503,APD
02-08-2023,148.34,148.9,146.98,148.11,3983730,APD
03-08-2023,148.47,148.6,146.7,146.92,1860314,APD
04-08-2023,147.41,148.045,147.02,147.22,804503,APD
07-08-2023,147.94,147.94,146.93,147.3,866605,APD
08-08-2023,147.21,147.29,145.63,145.85,866114,APD
09-08-2023,145.84,146.36,145.565,146.25,1163569,APD
10-08-2023,145.52,146,144.89,145.02,1054209,APD
11-08-2023,143.81,145.79,143.81,144.6,1068556,APD
14-08-2023,145.48,147.43,145.37,146.64,1337846,APD
15-08-2023,146.5,146.91,145.8,146.81,1319153,APD
16-08-2023,147,148.16,146.91,148.08,1232347,APD
17-08-2023,147.88,148.1,145.53,145.54,1207597,APD
18-08-2023,145.43,146.35,144.8,145.76,1402444,APD
21-08-2023,145.74,145.75,144.92,145.15,1584693,APD
22-08-2023,145.84,146.8,145.4,145.95,1232427,APD
23-08-2023,145.36,145.76,144.95,145.16,2214394,APD
24-08-2023,145.47,145.81,144.91,145.23,953793,APD
25-08-2023,145.05,146.47,145.05,146.01,953222,APD
28-08-2023,146.68,146.7,145.3489,145.78,540607,APD
29-08-2023,144.79,145.48,144.64,145.37,458583,APD
30-08-2023,145.35,145.84,145.12,145.51,879193,APD
31-08-2023,146,146,145.24,145.37,1192697,APD
01-09-2023,145.66,146.11,145.04,145.65,992842,APD
05-09-2023,145.15,145.81,143.87,144.47,1749017,APD
06-09-2023,144.37,144.9,143.86,144.5,2832411,APD
07-09-2023,144.5,144.58,143.79,144.37,2214310,APD
08-09-2023,144.33,145.37,144.03,144.97,1715350,APD
11-09-2023,146.01,149.38,145.37,149.18,3024657,APD
12-09-2023,149.85,151.42,149.08,149.28,2061340,APD
13-09-2023,149.01,149.56,148.52,149.2,1540714,APD
14-09-2023,149.61,150.45,148.77,150.07,1558813,APD
15-09-2023,150.02,150.36,149.48,150.13,1750625,APD
18-09-2023,150.15,150.95,149.68,150.95,2531024,APD
19-09-2023,150.91,151.3,150.08,150.5,2621870,APD
20-09-2023,150.83,151.14,150.06,150.98,2491400,APD
21-09-2023,150.74,151.47,150.25,151.05,1586981,APD
22-09-2023,151,151.22,150.16,150.26,2424617,APD
25-09-2023,150.3,151.5799,149.94,151.53,1273518,APD
26-09-2023,151.77,151.98,150.9,150.98,698144,APD
27-09-2023,151.3,151.58,150.105,151.32,942087,APD
28-09-2023,151.45,152.26,151.18,151.34,1089183,APD
29-09-2023,151.5,151.6,150.46,151.22,971221,APD
02-10-2023,151.04,152.76,150.55,152.2,1080966,APD
03-10-2023,152.54,153.49,151.72,153.19,791422,APD
04-10-2023,153.05,153.565,152.73,152.9,774770,APD
05-10-2023,153.23,153.34,152.43,153.31,807020,APD
06-10-2023,152.36,153.33,152.02,153.3,1315019,APD
09-10-2023,153.36,153.36,152.56,152.74,690813,APD
10-10-2023,152.81,153.28,152.165,153.19,1068104,APD
11-10-2023,153.17,153.17,151.93,152.93,696381,APD
12-10-2023,152.57,153.4,152.49,153.34,588591,APD
13-10-2023,153.5,154.41,153.41,153.46,1388360,APD
16-10-2023,153.89,154.26,152.25,153.22,926590,APD
17-10-2023,153.68,153.95,152.8,153.47,585651,APD
18-10-2023,153.59,153.82,152.05,153.2,1114568,APD
19-10-2023,152.82,153.23,152.0196,152.86,929230,APD
20-10-2023,153.65,154.735,153.6,154.22,812186,APD
23-10-2023,154.15,154.41,153.245,153.6,883970,APD
24-10-2023,153.47,154.27,153.47,153.85,802047,APD
25-10-2023,153.88,154.825,153.18,154.46,1524194,APD
26-10-2023,159.85,161.96,158.62,161.39,2326473,APD
27-10-2023,161.3,162.86,160.72,160.88,1047554,APD
30-10-2023,160.96,161.12,159.44,159.95,852050,APD
31-10-2023,160.78,160.78,159.19,159.43,866114,APD
01-11-2023,159.69,160.644,158.53,159.92,899604,APD
02-11-2023,160.19,160.775,158.17,159.41,881666,APD
03-11-2023,159.68,159.68,158.38,159.25,461227,APD
06-11-2023,159.48,159.96,158.57,158.8,435487,APD
07-11-2023,159.38,159.975,158.97,159.77,638589,APD
08-11-2023,159.78,161.1,159.71,160.94,672629,APD
09-11-2023,160.02,162.31,159.67,160.55,1162893,APD
10-11-2023,160.2,160.935,159.8105,160.3,585251,APD
13-11-2023,162.53,163.56,161.36,162.76,1935143,APD
14-11-2023,161.77,162.27,161.01,162.15,1232130,APD
15-11-2023,161.26,161.625,160.24,160.86,770305,APD
16-11-2023,161.1,161.98,160.87,161.18,1206075,APD
17-11-2023,160.83,162.37,160.35,161.58,923328,APD
20-11-2023,161.55,162.49,161.26,161.57,696157,APD
21-11-2023,162.1,162.68,161.76,162.29,473970,APD
22-11-2023,162.59,162.59,161.55,161.62,455399,APD
24-11-2023,161.89,162.6,161.15,161.56,295575,APD
27-11-2023,161.78,161.9299,160.81,160.94,819493,APD
28-11-2023,160.89,163.27,160.83,163.24,826111,APD
29-11-2023,163.08,163.32,162,162.62,618321,APD
30-11-2023,163.33,164.65,162.58,163.04,1275493,APD
01-12-2023,163.29,163.57,160.84,161.64,748999,APD
04-12-2023,162.19,164.36,161.95,162.4,865314,APD
05-12-2023,162.51,162.8752,160.99,161.98,581650,APD
06-12-2023,161.5,161.8,160.1,160.42,815387,APD
07-12-2023,160.39,161.15,159.9,160.98,1090051,APD
08-12-2023,161.3,161.48,160.195,160.92,1010198,APD
11-12-2023,163.37,163.615,162.52,163.12,1233030,APD
12-12-2023,163.36,163.36,162.43,162.89,711021,APD
13-12-2023,163.1,163.4,161.93,162.49,860038,APD
14-12-2023,162.21,162.47,160.51,160.53,702195,APD
15-12-2023,160.46,161.625,160.011,160.42,1799803,APD
18-12-2023,161.47,162.42,160.49,162.14,1057234,APD
19-12-2023,161.99,163.17,161.78,162.52,957129,APD
20-12-2023,162.79,163.705,162.58,162.83,583745,APD
21-12-2023,162.97,163.49,162.35,163.16,581158,APD
22-12-2023,163.41,163.605,163.03,163.42,834474,APD
26-12-2023,163.47,163.47,162.42,163,626420,APD
27-12-2023,163.45,163.89,162.91,163.67,936362,APD
28-12-2023,164.19,164.78,163.5,164.62,711337,APD
29-12-2023,164.04,164.67,163.82,164.08,835025,APD
02-01-2024,164.88,165.54,163.8,165.51,1051894,APD
03-01-2024,165.56,166.62,165,166.41,798204,APD
04-01-2024,167.31,167.85,166.675,167.05,932370,APD
05-01-2024,167.96,168.97,167.09,168.45,742202,APD
08-01-2024,168.26,168.81,167.12,168.63,802117,APD
09-01-2024,169.07,170.485,168.38,169.06,834852,APD
10-01-2024,169.08,169.1914,167.77,168.35,902678,APD
11-01-2024,169.04,170.53,168.76,169.97,695181,APD
12-01-2024,170,170.31,168.92,170.15,648674,APD
16-01-2024,171.43,171.49,165.76,166.75,1115533,APD
17-01-2024,168.25,169.16,167.2,168.56,806367,APD
18-01-2024,167.8,168.9875,166.25,166.9,1032532,APD
19-01-2024,167,167.98,166.76,167.8,1057417,APD
22-01-2024,167.64,168.68,166.55,168.6,976833,APD
23-01-2024,167.99,169.71,167.65,169.6,1058563,APD
24-01-2024,169.75,171.11,169.74,170.81,877653,APD
25-01-2024,171.69,175.17,171.69,174,2585876,APD
26-01-2024,164.23,171.28,162.69,169.85,2700882,APD
29-01-2024,166.95,170.31,165.96,166.67,2032487,APD
30-01-2024,166.7,168.93,165.89,168.3,1790584,APD
31-01-2024,168.98,169.34,167.17,168.37,1867806,APD
01-02-2024,167.21,168.3,165.35,166.79,1476987,APD
02-02-2024,166.4,166.4,162.5789,162.84,1356909,APD
05-02-2024,162.41,163.54,155.55,156.33,1707475,APD
06-02-2024,154.35,160.79,153.51,160.22,2396601,APD
07-02-2024,159.59,161.83,158.11,158.21,1650018,APD
